timeStamp,elapsed,label,responseCode,responseMessage,threadName,dataType,success,failureMessage,bytes,grpThreads,allThreads,Latency,IdleTime
1606133367732,1960,HTTP Request B1,200,OK,Thread Group  1-1,,true,,257,1,1,1960,0
1606133369719,325,HTTP Request C3,200,OK,Thread Group  1-1,,true,,257,1,1,325,0
1606133370074,202,HTTP Request A6,200,OK,Thread Group  1-1,,true,,257,1,1,202,0
1606133370283,435,HTTP Request C2,200,OK,Thread Group  1-1,,true,,257,1,1,435,0
1606133370724,203,HTTP Request B4,200,OK,Thread Group  1-1,,true,,257,1,1,202,0
1606133521222,512,HTTP Request D2,200,OK,Thread Group  1-1,,true,,257,1,1,512,0
1606133521750,206,HTTP Request D6,200,OK,Thread Group  1-1,,true,,257,1,1,206,0
1606133521980,201,HTTP Request A2,200,OK,Thread Group  1-1,,true,,257,1,1,201,0
1606133522196,209,HTTP Request A6,200,OK,Thread Group  1-1,,true,,257,1,1,209,0
1606133522421,201,HTTP Request B6,200,OK,Thread Group  1-1,,true,,257,1,1,201,0
1606133522634,202,HTTP Request A3,200,OK,Thread Group  1-1,,true,,257,1,1,202,0
1606133522848,235,HTTP Request A3,200,OK,Thread Group  1-1,,true,,257,1,1,235,0
1606133523095,292,HTTP Request A1 ,200,OK,Thread Group  1-1,,true,,257,1,1,292,0
1606133523404,202,HTTP Request A4,200,OK,Thread Group  1-1,,true,,257,1,1,202,0
1606133523619,346,HTTP Request D2,200,OK,Thread Group  1-1,,true,,257,1,1,346,0
1606133523973,213,HTTP Request D6,200,OK,Thread Group  1-1,,true,,257,1,1,213,0
1606133524191,200,HTTP Request A3,200,OK,Thread Group  1-1,,true,,257,1,1,200,0
1606133524397,280,HTTP Request A6,200,OK,Thread Group  1-1,,true,,257,1,1,280,0
1606133524691,201,HTTP Request A1 ,200,OK,Thread Group  1-1,,true,,257,1,1,201,0
1606133524899,200,HTTP Request A2,200,OK,Thread Group  1-1,,true,,257,1,1,200,0
1606133525103,199,HTTP Request B5,200,OK,Thread Group  1-1,,true,,257,1,1,199,0
1606133525308,220,HTTP Request A2,200,OK,Thread Group  1-1,,true,,257,1,1,220,0
1606133525538,199,HTTP Request B4,200,OK,Thread Group  1-1,,true,,257,1,1,199,0
1606133525741,208,HTTP Request A2,200,OK,Thread Group  1-1,,true,,257,1,1,208,0
1606133525963,204,HTTP Request A6,200,OK,Thread Group  1-1,,true,,257,1,1,204,0
1606133526181,202,HTTP Request A3,200,OK,Thread Group  1-1,,true,,257,1,1,202,0
1606133526394,201,HTTP Request A1 ,200,OK,Thread Group  1-1,,true,,257,1,1,201,0
1606133526609,201,HTTP Request A4,200,OK,Thread Group  1-1,,true,,257,1,1,201,0
1606133526825,201,HTTP Request B2,200,OK,Thread Group  1-1,,true,,257,1,1,200,0
1606133527035,245,HTTP Request A5,200,OK,Thread Group  1-1,,true,,257,1,1,245,0
1606133527292,200,HTTP Request A1 ,200,OK,Thread Group  1-1,,true,,257,1,1,200,0
1606133527505,200,HTTP Request A5,200,OK,Thread Group  1-1,,true,,257,1,1,200,0
1606133527720,201,HTTP Request A1 ,200,OK,Thread Group  1-1,,true,,257,1,1,201,0
1606133527934,201,HTTP Request D2,200,OK,Thread Group  1-1,,true,,257,1,1,201,0
1606133528148,201,HTTP Request A2,200,OK,Thread Group  1-1,,true,,257,1,1,201,0
1606133528363,248,HTTP Request A2,200,OK,Thread Group  1-1,,true,,257,1,1,248,0
1606133528626,203,HTTP Request A6,200,OK,Thread Group  1-1,,true,,257,1,1,203,0
1606133528843,199,HTTP Request A2,200,OK,Thread Group  1-1,,true,,257,1,1,199,0
1606133529046,200,HTTP Request D5,200,OK,Thread Group  1-1,,true,,257,1,1,200,0
1606133529258,201,HTTP Request A4,200,OK,Thread Group  1-1,,true,,257,1,1,201,0
1606133529474,200,HTTP Request B6,200,OK,Thread Group  1-1,,true,,257,1,1,200,0
1606133529687,200,HTTP Request A4,200,OK,Thread Group  1-1,,true,,257,1,1,200,0
1606133529900,202,HTTP Request A5,200,OK,Thread Group  1-1,,true,,257,1,1,202,0
1606133530106,246,HTTP Request A1 ,200,OK,Thread Group  1-1,,true,,257,1,1,246,0
1606133530355,202,HTTP Request A5,200,OK,Thread Group  1-1,,true,,257,1,1,202,0
1606133530572,201,HTTP Request B2,200,OK,Thread Group  1-1,,true,,257,1,1,200,0
1606133530784,200,HTTP Request B4,200,OK,Thread Group  1-1,,true,,257,1,1,200,0
1606133530999,200,HTTP Request B4,200,OK,Thread Group  1-1,,true,,257,1,1,200,0
1606133531204,198,HTTP Request B4,200,OK,Thread Group  1-1,,true,,257,1,1,198,0
1606133531410,199,HTTP Request A1 ,200,OK,Thread Group  1-1,,true,,257,1,1,199,0
1606133531623,201,HTTP Request A5,200,OK,Thread Group  1-1,,true,,257,1,1,201,0
1606133531838,201,HTTP Request A6,200,OK,Thread Group  1-1,,true,,257,1,1,201,0
1606133532053,244,HTTP Request A5,200,OK,Thread Group  1-1,,true,,257,1,1,244,0
1606133532301,199,HTTP Request D3,200,OK,Thread Group  1-1,,true,,257,1,1,199,0
1606133532505,220,HTTP Request B3,200,OK,Thread Group  1-1,,true,,257,1,1,220,0
1606133532730,240,HTTP Request A5,200,OK,Thread Group  1-1,,true,,257,1,1,240,0
1606133532987,232,HTTP Request A5,200,OK,Thread Group  1-1,,true,,257,1,1,232,0
1606133533239,201,HTTP Request A1 ,200,OK,Thread Group  1-1,,true,,257,1,1,201,0
1606133533454,201,HTTP Request B6,200,OK,Thread Group  1-1,,true,,257,1,1,201,0
1606133533673,199,HTTP Request B3,200,OK,Thread Group  1-1,,true,,257,1,1,199,0
1606133533877,200,HTTP Request A6,200,OK,Thread Group  1-1,,true,,257,1,1,200,0
1606133534096,249,HTTP Request A4,200,OK,Thread Group  1-1,,true,,257,1,1,249,0
1606133534350,199,HTTP Request B2,200,OK,Thread Group  1-1,,true,,257,1,1,199,0
1606133534555,201,HTTP Request A4,200,OK,Thread Group  1-1,,true,,257,1,1,201,0
1606133534771,201,HTTP Request A4,200,OK,Thread Group  1-1,,true,,257,1,1,200,0
1606133534985,200,HTTP Request B1,200,OK,Thread Group  1-1,,true,,257,1,1,200,0
1606133535197,201,HTTP Request A2,200,OK,Thread Group  1-1,,true,,257,1,1,201,0
1606133535413,201,HTTP Request A2,200,OK,Thread Group  1-1,,true,,257,1,1,201,0
1606133535629,253,HTTP Request B4,200,OK,Thread Group  1-1,,true,,257,1,1,253,0
1606133535895,200,HTTP Request A3,200,OK,Thread Group  1-1,,true,,257,1,1,200,0
1606133536110,200,HTTP Request B3,200,OK,Thread Group  1-1,,true,,257,2,2,200,0
1606133536315,199,HTTP Request A4,200,OK,Thread Group  1-1,,true,,257,2,2,199,0
1606133536241,461,HTTP Request A1 ,200,OK,Thread Group  1-2,,true,,257,2,2,461,0
1606133536519,199,HTTP Request B6,200,OK,Thread Group  1-1,,true,,257,2,2,199,0
1606133536723,198,HTTP Request A1 ,200,OK,Thread Group  1-1,,true,,257,2,2,198,0
1606133536925,199,HTTP Request A2,200,OK,Thread Group  1-1,,true,,257,2,2,199,0
1606133537128,218,HTTP Request D2,200,OK,Thread Group  1-1,,true,,257,2,2,218,0
1606133537350,199,HTTP Request D2,200,OK,Thread Group  1-1,,true,,257,2,2,199,0
1606133536708,878,HTTP Request B3,200,OK,Thread Group  1-2,,true,,257,2,2,878,0
1606133537563,199,HTTP Request D3,200,OK,Thread Group  1-1,,true,,257,2,2,199,0
1606133537595,201,HTTP Request B4,200,OK,Thread Group  1-2,,true,,257,2,2,201,0
1606133537766,199,HTTP Request B1,200,OK,Thread Group  1-1,,true,,257,2,2,199,0
1606133537800,224,HTTP Request B6,200,OK,Thread Group  1-2,,true,,257,2,2,224,0
1606133537977,199,HTTP Request A2,200,OK,Thread Group  1-1,,true,,257,2,2,199,0
1606133538028,202,HTTP Request B3,200,OK,Thread Group  1-2,,true,,257,2,2,202,0
1606133538180,199,HTTP Request B3,200,OK,Thread Group  1-1,,true,,257,2,2,199,0
1606133538235,200,HTTP Request A5,200,OK,Thread Group  1-2,,true,,257,2,2,200,0
1606133538383,198,HTTP Request B5,200,OK,Thread Group  1-1,,true,,257,2,2,198,0
1606133538439,200,HTTP Request B5,200,OK,Thread Group  1-2,,true,,257,2,2,200,0
1606133538586,200,HTTP Request B1,200,OK,Thread Group  1-1,,true,,257,2,2,200,0
1606133538642,200,HTTP Request A6,200,OK,Thread Group  1-2,,true,,257,2,2,200,0
1606133538799,200,HTTP Request A6,200,OK,Thread Group  1-1,,true,,257,2,2,200,0
1606133538848,199,HTTP Request B2,200,OK,Thread Group  1-2,,true,,257,2,2,199,0
1606133539004,200,HTTP Request B3,200,OK,Thread Group  1-1,,true,,257,2,2,200,0
1606133539052,208,HTTP Request B4,200,OK,Thread Group  1-2,,true,,257,2,2,208,0
1606133539208,201,HTTP Request A4,200,OK,Thread Group  1-1,,true,,257,2,2,201,0
1606133539268,207,HTTP Request A4,200,OK,Thread Group  1-2,,true,,257,2,2,207,0
1606133539418,201,HTTP Request B4,200,OK,Thread Group  1-1,,true,,257,2,2,201,0
1606133539485,200,HTTP Request A2,200,OK,Thread Group  1-2,,true,,257,2,2,200,0
1606133539632,200,HTTP Request B6,200,OK,Thread Group  1-1,,true,,257,2,2,200,0
1606133539689,199,HTTP Request B2,200,OK,Thread Group  1-2,,true,,257,2,2,199,0
1606133539845,200,HTTP Request A6,200,OK,Thread Group  1-1,,true,,257,2,2,200,0
1606133539895,219,HTTP Request A4,200,OK,Thread Group  1-2,,true,,257,2,2,219,0
1606133540058,201,HTTP Request A4,200,OK,Thread Group  1-1,,true,,257,2,2,201,0
1606133540118,200,HTTP Request B6,200,OK,Thread Group  1-2,,true,,257,2,2,200,0
1606133540273,201,HTTP Request B6,200,OK,Thread Group  1-1,,true,,257,2,2,201,0
1606133540323,200,HTTP Request A6,200,OK,Thread Group  1-2,,true,,257,2,2,200,0
1606133540485,200,HTTP Request A3,200,OK,Thread Group  1-1,,true,,257,2,2,200,0
1606133540529,201,HTTP Request A6,200,OK,Thread Group  1-2,,true,,257,2,2,200,0
1606133540710,201,HTTP Request A3,200,OK,Thread Group  1-1,,true,,257,2,2,201,0
1606133540733,200,HTTP Request B5,200,OK,Thread Group  1-2,,true,,257,2,2,200,0
1606133540924,202,HTTP Request A3,200,OK,Thread Group  1-1,,true,,257,2,2,201,0
1606133540942,201,HTTP Request A1 ,200,OK,Thread Group  1-2,,true,,257,2,2,201,0
1606133541154,258,HTTP Request A4,200,OK,Thread Group  1-2,,true,,257,2,2,258,0
1606133541138,274,HTTP Request B6,200,OK,Thread Group  1-1,,true,,257,2,2,274,0
1606133541424,201,HTTP Request A1 ,200,OK,Thread Group  1-2,,true,,257,2,2,201,0
1606133541425,199,HTTP Request B1,200,OK,Thread Group  1-1,,true,,257,2,2,199,0
1606133541640,285,HTTP Request A5,200,OK,Thread Group  1-1,,true,,257,2,2,285,0
1606133541639,286,HTTP Request A4,200,OK,Thread Group  1-2,,true,,257,2,2,286,0
1606133541938,201,HTTP Request A4,200,OK,Thread Group  1-2,,true,,257,2,2,200,0
1606133541937,201,HTTP Request A4,200,OK,Thread Group  1-1,,true,,257,2,2,201,0
1606133542153,202,HTTP Request A5,200,OK,Thread Group  1-2,,true,,257,2,2,202,0
1606133542155,200,HTTP Request A2,200,OK,Thread Group  1-1,,true,,257,2,2,200,0
1606133542362,200,HTTP Request B2,200,OK,Thread Group  1-2,,true,,257,2,2,200,0
1606133542363,199,HTTP Request A5,200,OK,Thread Group  1-1,,true,,257,2,2,199,0
1606133542574,273,HTTP Request B2,200,OK,Thread Group  1-2,,true,,257,2,2,273,0
1606133542575,334,HTTP Request A3,200,OK,Thread Group  1-1,,true,,257,2,2,334,0
1606133542860,294,HTTP Request A2,200,OK,Thread Group  1-2,,true,,257,2,2,293,0
1606133542914,240,HTTP Request A6,200,OK,Thread Group  1-1,,true,,257,2,2,240,0
1606133543169,202,HTTP Request A3,200,OK,Thread Group  1-2,,true,,257,2,2,202,0
1606133543170,201,HTTP Request A5,200,OK,Thread Group  1-1,,true,,257,2,2,201,0
1606133543384,200,HTTP Request A4,200,OK,Thread Group  1-1,,true,,257,2,2,200,0
1606133543384,201,HTTP Request B1,200,OK,Thread Group  1-2,,true,,257,2,2,201,0
1606133543598,200,HTTP Request A4,200,OK,Thread Group  1-1,,true,,257,2,2,200,0
1606133543599,200,HTTP Request A4,200,OK,Thread Group  1-2,,true,,257,2,2,200,0
1606133543815,201,HTTP Request A5,200,OK,Thread Group  1-2,,true,,257,1,1,201,0
1606133544026,203,HTTP Request A6,200,OK,Thread Group  1-2,,true,,257,1,1,202,0
1606133544233,251,HTTP Request D4,200,OK,Thread Group  1-2,,true,,257,1,1,251,0
1606133544494,202,HTTP Request A5,200,OK,Thread Group  1-2,,true,,257,1,1,202,0
1606133544705,200,HTTP Request A3,200,OK,Thread Group  1-2,,true,,257,1,1,200,0
1606133544916,200,HTTP Request B3,200,OK,Thread Group  1-2,,true,,257,1,1,200,0
1606133545127,201,HTTP Request A6,200,OK,Thread Group  1-2,,true,,257,1,1,201,0
1606133545340,200,HTTP Request B4,200,OK,Thread Group  1-2,,true,,257,1,1,200,0
1606133545549,201,HTTP Request A4,200,OK,Thread Group  1-2,,true,,257,1,1,201,0
1606133545762,202,HTTP Request B6,200,OK,Thread Group  1-2,,true,,257,1,1,202,0
1606133545973,200,HTTP Request D1,200,OK,Thread Group  1-2,,true,,257,1,1,200,0
1606133546184,246,HTTP Request B2,200,OK,Thread Group  1-2,,true,,257,1,1,246,0
1606133546439,204,HTTP Request A6,200,OK,Thread Group  1-2,,true,,257,1,1,203,0
1606133546652,201,HTTP Request A6,200,OK,Thread Group  1-2,,true,,257,1,1,201,0
1606133546862,284,HTTP Request A4,200,OK,Thread Group  1-2,,true,,257,1,1,284,0
1606133547158,201,HTTP Request A6,200,OK,Thread Group  1-2,,true,,257,1,1,201,0
1606133547369,207,HTTP Request B1,200,OK,Thread Group  1-2,,true,,257,1,1,207,0
1606133547585,202,HTTP Request A6,200,OK,Thread Group  1-2,,true,,257,1,1,202,0
1606133547796,201,HTTP Request A5,200,OK,Thread Group  1-2,,true,,257,1,1,201,0
1606133548003,200,HTTP Request B1,200,OK,Thread Group  1-2,,true,,257,1,1,200,0
1606133548208,200,HTTP Request A3,200,OK,Thread Group  1-2,,true,,257,1,1,200,0
1606133548411,271,HTTP Request A2,200,OK,Thread Group  1-2,,true,,257,1,1,271,0
1606133548692,202,HTTP Request A6,200,OK,Thread Group  1-2,,true,,257,1,1,202,0
1606133548904,200,HTTP Request D4,200,OK,Thread Group  1-2,,true,,257,1,1,200,0
1606133549115,284,HTTP Request B4,200,OK,Thread Group  1-2,,true,,257,1,1,283,0
1606133549410,201,HTTP Request D2,200,OK,Thread Group  1-2,,true,,257,1,1,201,0
1606133549621,206,HTTP Request A5,200,OK,Thread Group  1-2,,true,,257,1,1,205,0
1606133549835,200,HTTP Request B6,200,OK,Thread Group  1-2,,true,,257,1,1,200,0
1606133550046,200,HTTP Request A2,200,OK,Thread Group  1-2,,true,,257,1,1,200,0
1606133550249,200,HTTP Request A6,200,OK,Thread Group  1-2,,true,,257,1,1,200,0
1606133550460,270,HTTP Request B1,200,OK,Thread Group  1-2,,true,,257,1,1,270,0
1606133550741,202,HTTP Request A6,200,OK,Thread Group  1-2,,true,,257,1,1,202,0
1606133550948,200,HTTP Request A2,200,OK,Thread Group  1-2,,true,,257,1,1,200,0
1606133551159,202,HTTP Request A1 ,200,OK,Thread Group  1-2,,true,,257,1,1,202,0
1606133551369,200,HTTP Request A3,200,OK,Thread Group  1-2,,true,,257,1,1,200,0
1606133551579,278,HTTP Request B6,200,OK,Thread Group  1-2,,true,,257,1,1,278,0
1606133551867,201,HTTP Request B1,200,OK,Thread Group  1-2,,true,,257,1,1,201,0
1606133552080,201,HTTP Request D2,200,OK,Thread Group  1-2,,true,,257,1,1,201,0
1606133552285,205,HTTP Request A3,200,OK,Thread Group  1-2,,true,,257,1,1,205,0
1606133552499,279,HTTP Request A1 ,200,OK,Thread Group  1-2,,true,,257,1,1,279,0
1606133552789,201,HTTP Request D3,200,OK,Thread Group  1-2,,true,,257,1,1,201,0
1606133552999,201,HTTP Request A4,200,OK,Thread Group  1-2,,true,,257,1,1,201,0
1606133553208,200,HTTP Request B2,200,OK,Thread Group  1-2,,true,,257,1,1,200,0
1606133553418,201,HTTP Request B5,200,OK,Thread Group  1-2,,true,,257,1,1,201,0
1606133553627,201,HTTP Request A4,200,OK,Thread Group  1-2,,true,,257,1,1,201,0
1606133553837,202,HTTP Request A1 ,200,OK,Thread Group  1-2,,true,,257,1,1,202,0
1606133554048,201,HTTP Request D6,200,OK,Thread Group  1-2,,true,,257,1,1,200,0
1606133554256,204,HTTP Request B2,200,OK,Thread Group  1-2,,true,,257,1,1,204,0
1606133554467,204,HTTP Request B6,200,OK,Thread Group  1-2,,true,,257,1,1,203,0
1606133554681,202,HTTP Request B6,200,OK,Thread Group  1-2,,true,,257,1,1,202,0
1606133554892,241,HTTP Request B3,200,OK,Thread Group  1-2,,true,,257,1,1,241,0
1606133555142,202,HTTP Request D5,200,OK,Thread Group  1-2,,true,,257,1,1,202,0
1606133555354,200,HTTP Request B4,200,OK,Thread Group  1-2,,true,,257,1,1,200,0
1606133555562,202,HTTP Request B5,200,OK,Thread Group  1-2,,true,,257,1,1,202,0
1606133555773,202,HTTP Request A5,200,OK,Thread Group  1-2,,true,,257,1,1,202,0
1606133555985,313,HTTP Request B1,200,OK,Thread Group  1-2,,true,,257,1,1,313,0
1606133556306,225,HTTP Request B2,200,OK,Thread Group  1-2,,true,,257,1,1,224,0
1606133556539,201,HTTP Request B1,200,OK,Thread Group  1-2,,true,,257,1,1,201,0
1606133556749,200,HTTP Request B5,200,OK,Thread Group  1-2,,true,,257,1,1,200,0
1606133556952,200,HTTP Request A3,200,OK,Thread Group  1-2,,true,,257,1,1,200,0
1606133557160,328,HTTP Request B6,200,OK,Thread Group  1-2,,true,,257,1,1,328,0
1606133557496,201,HTTP Request B1,200,OK,Thread Group  1-2,,true,,257,1,1,201,0
1606133557705,200,HTTP Request A3,200,OK,Thread Group  1-2,,true,,257,1,1,200,0
1606133557914,201,HTTP Request B1,200,OK,Thread Group  1-2,,true,,257,1,1,200,0
1606133558123,287,HTTP Request B1,200,OK,Thread Group  1-2,,true,,257,1,1,287,0
1606133558418,201,HTTP Request A3,200,OK,Thread Group  1-2,,true,,257,1,1,201,0
1606133558629,293,HTTP Request B2,200,OK,Thread Group  1-2,,true,,257,1,1,293,0
1606133558932,201,HTTP Request A6,200,OK,Thread Group  1-2,,true,,257,1,1,201,0
1606133559141,293,HTTP Request A5,200,OK,Thread Group  1-2,,true,,257,1,1,293,0
1606133559444,200,HTTP Request A6,200,OK,Thread Group  1-2,,true,,257,1,1,200,0
1606133790586,421,HTTP Request B6,200,OK,Thread Group  1-1,,true,,257,1,1,421,0
1606133791021,249,HTTP Request A4,200,OK,Thread Group  1-1,,true,,257,1,1,249,0
1606133791277,208,HTTP Request A5,200,OK,Thread Group  1-1,,true,,257,1,1,208,0
1606133791495,286,HTTP Request B5,200,OK,Thread Group  1-1,,true,,257,1,1,286,0
1606133791790,207,HTTP Request B3,200,OK,Thread Group  1-1,,true,,257,1,1,207,0
1606133792000,208,HTTP Request A5,200,OK,Thread Group  1-1,,true,,257,1,1,208,0
1606133792212,207,HTTP Request D5,200,OK,Thread Group  1-1,,true,,257,1,1,207,0
1606133792428,275,HTTP Request A4,200,OK,Thread Group  1-1,,true,,257,1,1,275,0
1606133792711,299,HTTP Request B3,200,OK,Thread Group  1-1,,true,,257,1,1,299,0
1606133793019,210,HTTP Request B4,200,OK,Thread Group  1-1,,true,,257,1,1,210,0
1606133793238,209,HTTP Request B5,200,OK,Thread Group  1-1,,true,,257,1,1,209,0
1606133793457,208,HTTP Request A3,200,OK,Thread Group  1-1,,true,,257,1,1,208,0
1606133793673,209,HTTP Request A1 ,200,OK,Thread Group  1-1,,true,,257,1,1,209,0
1606133793891,209,HTTP Request A3,200,OK,Thread Group  1-1,,true,,257,1,1,209,0
1606133794108,209,HTTP Request A3,200,OK,Thread Group  1-1,,true,,257,1,1,209,0
1606133794326,220,HTTP Request A6,200,OK,Thread Group  1-1,,true,,257,1,1,220,0
1606133794555,299,HTTP Request A6,200,OK,Thread Group  1-1,,true,,257,1,1,299,0
1606133794862,299,HTTP Request A4,200,OK,Thread Group  1-1,,true,,257,1,1,299,0
1606133795173,208,HTTP Request A1 ,200,OK,Thread Group  1-1,,true,,257,1,1,208,0
1606133795389,210,HTTP Request B2,200,OK,Thread Group  1-1,,true,,257,1,1,210,0
1606133795607,271,HTTP Request A2,200,OK,Thread Group  1-1,,true,,257,1,1,271,0
1606133795886,299,HTTP Request B2,200,OK,Thread Group  1-1,,true,,257,1,1,299,0
1606133796192,300,HTTP Request A3,200,OK,Thread Group  1-1,,true,,257,1,1,300,0
1606133796500,246,HTTP Request B5,200,OK,Thread Group  1-1,,true,,257,1,1,246,0
1606133796754,213,HTTP Request A3,200,OK,Thread Group  1-1,,true,,257,1,1,213,0
1606133796973,210,HTTP Request A5,200,OK,Thread Group  1-1,,true,,257,1,1,210,0
1606133797189,225,HTTP Request A1 ,200,OK,Thread Group  1-1,,true,,257,1,1,225,0
1606133797423,298,HTTP Request B4,200,OK,Thread Group  1-1,,true,,257,1,1,298,0
1606133797729,299,HTTP Request B6,200,OK,Thread Group  1-1,,true,,257,1,1,299,0
1606133798037,298,HTTP Request A2,200,OK,Thread Group  1-1,,true,,257,1,1,298,0
1606133798346,296,HTTP Request A3,200,OK,Thread Group  1-1,,true,,257,1,1,296,0
1606133798645,209,HTTP Request A4,200,OK,Thread Group  1-1,,true,,257,1,1,209,0
1606133798863,291,HTTP Request A4,200,OK,Thread Group  1-1,,true,,257,1,1,291,0
1606133799157,305,HTTP Request A6,200,OK,Thread Group  1-1,,true,,257,1,1,304,0
1606133799472,209,HTTP Request A5,200,OK,Thread Group  1-1,,true,,257,1,1,209,0
1606133799690,284,HTTP Request B2,200,OK,Thread Group  1-1,,true,,257,1,1,284,0
1606133799981,209,HTTP Request A6,200,OK,Thread Group  1-1,,true,,257,1,1,209,0
1606133800198,288,HTTP Request A3,200,OK,Thread Group  1-1,,true,,257,1,1,287,0
1606133800493,300,HTTP Request A6,200,OK,Thread Group  1-1,,true,,257,1,1,300,0
1606133800798,302,HTTP Request A4,200,OK,Thread Group  1-1,,true,,257,1,1,302,0
1606133801108,209,HTTP Request B3,200,OK,Thread Group  1-1,,true,,257,1,1,209,0
1606133801325,209,HTTP Request A3,200,OK,Thread Group  1-1,,true,,257,1,1,209,0
1606133801543,209,HTTP Request A4,200,OK,Thread Group  1-1,,true,,257,1,1,209,0
1606133801757,209,HTTP Request A6,200,OK,Thread Group  1-1,,true,,257,1,1,209,0
1606133801971,208,HTTP Request B6,200,OK,Thread Group  1-1,,true,,257,1,1,208,0
1606133802183,210,HTTP Request B6,200,OK,Thread Group  1-1,,true,,257,1,1,210,0
1606133802401,209,HTTP Request A2,200,OK,Thread Group  1-1,,true,,257,1,1,208,0
1606133802618,208,HTTP Request B2,200,OK,Thread Group  1-1,,true,,257,1,1,208,0
1606133802835,212,HTTP Request A4,200,OK,Thread Group  1-1,,true,,257,1,1,211,0
1606133803055,298,HTTP Request A6,200,OK,Thread Group  1-1,,true,,257,1,1,298,0
1606133803357,306,HTTP Request A4,200,OK,Thread Group  1-1,,true,,257,1,1,306,0
1606133803674,209,HTTP Request B3,200,OK,Thread Group  1-1,,true,,257,1,1,209,0
1606133803890,284,HTTP Request B6,200,OK,Thread Group  1-1,,true,,257,1,1,284,0
1606133804182,227,HTTP Request B3,200,OK,Thread Group  1-1,,true,,257,1,1,227,0
1606133804420,208,HTTP Request A5,200,OK,Thread Group  1-1,,true,,257,1,1,208,0
1606133804635,255,HTTP Request A2,200,OK,Thread Group  1-1,,true,,257,1,1,255,0
1606133804897,210,HTTP Request B4,200,OK,Thread Group  1-1,,true,,257,1,1,210,0
1606133805117,208,HTTP Request D6,200,OK,Thread Group  1-1,,true,,257,1,1,208,0
1606133805329,207,HTTP Request B5,200,OK,Thread Group  1-1,,true,,257,1,1,207,0
1606133805544,267,HTTP Request A5,200,OK,Thread Group  1-1,,true,,257,2,2,267,0
1606133805824,209,HTTP Request A2,200,OK,Thread Group  1-1,,true,,257,2,2,209,0
1606133805601,467,HTTP Request A3,200,OK,Thread Group  1-2,,true,,257,2,2,467,0
1606133806041,208,HTTP Request B1,200,OK,Thread Group  1-1,,true,,257,2,2,207,0
1606133806073,308,HTTP Request A1 ,200,OK,Thread Group  1-2,,true,,257,2,2,308,0
1606133806256,208,HTTP Request A2,200,OK,Thread Group  1-1,,true,,257,2,2,208,0
1606133806390,208,HTTP Request A4,200,OK,Thread Group  1-2,,true,,257,2,2,208,0
1606133806467,210,HTTP Request A4,200,OK,Thread Group  1-1,,true,,257,2,2,210,0
1606133806611,223,HTTP Request B1,200,OK,Thread Group  1-2,,true,,257,2,2,223,0
1606133806686,208,HTTP Request A4,200,OK,Thread Group  1-1,,true,,257,2,2,208,0
1606133806842,233,HTTP Request A4,200,OK,Thread Group  1-2,,true,,257,2,2,233,0
1606133806901,209,HTTP Request D1,200,OK,Thread Group  1-1,,true,,257,2,2,209,0
1606133807119,208,HTTP Request A3,200,OK,Thread Group  1-1,,true,,257,2,2,208,0
1606133807335,209,HTTP Request A6,200,OK,Thread Group  1-1,,true,,257,2,2,209,0
1606133807553,244,HTTP Request A5,200,OK,Thread Group  1-1,,true,,257,2,2,244,0
1606133807082,982,HTTP Request B4,200,OK,Thread Group  1-2,,true,,257,2,2,982,0
1606133807806,258,HTTP Request A4,200,OK,Thread Group  1-1,,true,,257,2,2,258,0
1606133808074,209,HTTP Request B2,200,OK,Thread Group  1-2,,true,,257,2,2,209,0
1606133808076,209,HTTP Request B3,200,OK,Thread Group  1-1,,true,,257,2,2,209,0
1606133808294,282,HTTP Request B3,200,OK,Thread Group  1-1,,true,,257,2,2,282,0
1606133808294,282,HTTP Request B2,200,OK,Thread Group  1-2,,true,,257,2,2,282,0
1606133808587,296,HTTP Request B2,200,OK,Thread Group  1-1,,true,,257,2,2,296,0
1606133808588,296,HTTP Request A1 ,200,OK,Thread Group  1-2,,true,,257,2,2,295,0
1606133808892,260,HTTP Request D4,200,OK,Thread Group  1-1,,true,,257,2,2,260,0
1606133808893,259,HTTP Request B6,200,OK,Thread Group  1-2,,true,,257,2,2,259,0
1606133809162,234,HTTP Request A3,200,OK,Thread Group  1-2,,true,,257,2,2,234,0
1606133809162,234,HTTP Request B4,200,OK,Thread Group  1-1,,true,,257,2,2,234,0
1606133809410,208,HTTP Request D4,200,OK,Thread Group  1-2,,true,,257,2,2,208,0
1606133809411,214,HTTP Request B2,200,OK,Thread Group  1-1,,true,,257,2,2,214,0
1606133809626,208,HTTP Request A4,200,OK,Thread Group  1-2,,true,,257,2,2,208,0
1606133809632,209,HTTP Request B2,200,OK,Thread Group  1-1,,true,,257,2,2,209,0
1606133809842,208,HTTP Request B4,200,OK,Thread Group  1-2,,true,,257,2,2,208,0
1606133809847,320,HTTP Request D2,200,OK,Thread Group  1-1,,true,,257,2,2,320,0
1606133810058,214,HTTP Request B1,200,OK,Thread Group  1-2,,true,,257,2,2,214,0
1606133810175,208,HTTP Request B6,200,OK,Thread Group  1-1,,true,,257,2,2,208,0
1606133810279,215,HTTP Request B5,200,OK,Thread Group  1-2,,true,,257,2,2,215,0
1606133810391,208,HTTP Request A2,200,OK,Thread Group  1-1,,true,,257,2,2,208,0
1606133810501,208,HTTP Request A6,200,OK,Thread Group  1-2,,true,,257,2,2,207,0
1606133810606,210,HTTP Request A5,200,OK,Thread Group  1-1,,true,,257,2,2,210,0
1606133810718,210,HTTP Request A5,200,OK,Thread Group  1-2,,true,,257,2,2,210,0
1606133810823,208,HTTP Request B3,200,OK,Thread Group  1-1,,true,,257,2,2,208,0
1606133810935,209,HTTP Request A2,200,OK,Thread Group  1-2,,true,,257,2,2,208,0
1606133811039,211,HTTP Request A1 ,200,OK,Thread Group  1-1,,true,,257,2,2,211,0
1606133811150,208,HTTP Request B5,200,OK,Thread Group  1-2,,true,,257,2,2,208,0
1606133811259,208,HTTP Request B2,200,OK,Thread Group  1-1,,true,,257,2,2,208,0
1606133811367,209,HTTP Request B6,200,OK,Thread Group  1-2,,true,,257,2,2,209,0
1606133811475,208,HTTP Request A4,200,OK,Thread Group  1-1,,true,,257,2,2,208,0
1606133811584,207,HTTP Request A1 ,200,OK,Thread Group  1-2,,true,,257,2,2,207,0
1606133811690,209,HTTP Request A3,200,OK,Thread Group  1-1,,true,,257,2,2,209,0
1606133811805,208,HTTP Request B6,200,OK,Thread Group  1-2,,true,,257,2,2,208,0
1606133811906,209,HTTP Request B2,200,OK,Thread Group  1-1,,true,,257,2,2,209,0
1606133812021,208,HTTP Request B5,200,OK,Thread Group  1-2,,true,,257,2,2,208,0
1606133812124,208,HTTP Request B3,200,OK,Thread Group  1-1,,true,,257,2,2,208,0
1606133812232,216,HTTP Request B1,200,OK,Thread Group  1-2,,true,,257,2,2,216,0
1606133812339,208,HTTP Request A2,200,OK,Thread Group  1-1,,true,,257,2,2,208,0
1606133812456,208,HTTP Request A1 ,200,OK,Thread Group  1-2,,true,,257,2,2,208,0
1606133812556,208,HTTP Request D2,200,OK,Thread Group  1-1,,true,,257,2,2,207,0
1606133812672,208,HTTP Request D5,200,OK,Thread Group  1-2,,true,,257,2,2,208,0
1606133812770,208,HTTP Request A5,200,OK,Thread Group  1-1,,true,,257,2,2,208,0
1606133812887,209,HTTP Request A6,200,OK,Thread Group  1-2,,true,,257,2,2,209,0
1606133812986,207,HTTP Request B5,200,OK,Thread Group  1-1,,true,,257,2,2,207,0
1606133813104,208,HTTP Request A3,200,OK,Thread Group  1-2,,true,,257,2,2,208,0
1606133813196,212,HTTP Request A5,200,OK,Thread Group  1-1,,true,,257,2,2,212,0
1606133813320,207,HTTP Request B4,200,OK,Thread Group  1-2,,true,,257,2,2,207,0
1606133813416,207,HTTP Request A6,200,OK,Thread Group  1-1,,true,,257,2,2,207,0
1606133813534,209,HTTP Request A1 ,200,OK,Thread Group  1-2,,true,,257,2,2,209,0
1606133813626,208,HTTP Request B5,200,OK,Thread Group  1-1,,true,,257,2,2,208,0
1606133813749,208,HTTP Request D6,200,OK,Thread Group  1-2,,true,,257,2,2,208,0
1606133813841,208,HTTP Request A4,200,OK,Thread Group  1-1,,true,,257,2,2,208,0
1606133813966,208,HTTP Request A5,200,OK,Thread Group  1-2,,true,,257,2,2,208,0
1606133814057,209,HTTP Request B4,200,OK,Thread Group  1-1,,true,,257,2,2,209,0
1606133814181,208,HTTP Request B1,200,OK,Thread Group  1-2,,true,,257,2,2,208,0
1606133814274,208,HTTP Request B2,200,OK,Thread Group  1-1,,true,,257,2,2,208,0
1606133814398,210,HTTP Request A6,200,OK,Thread Group  1-2,,true,,257,2,2,209,0
1606133814489,224,HTTP Request D6,200,OK,Thread Group  1-1,,true,,257,2,2,224,0
1606133814616,208,HTTP Request B5,200,OK,Thread Group  1-2,,true,,257,2,2,208,0
1606133814720,208,HTTP Request B5,200,OK,Thread Group  1-1,,true,,257,2,2,208,0
1606133814832,210,HTTP Request A3,200,OK,Thread Group  1-2,,true,,257,1,1,210,0
1606133815048,208,HTTP Request A1 ,200,OK,Thread Group  1-2,,true,,257,1,1,208,0
1606133815260,242,HTTP Request A1 ,200,OK,Thread Group  1-2,,true,,257,1,1,242,0
1606133815509,337,HTTP Request A5,200,OK,Thread Group  1-2,,true,,257,1,1,337,0
1606133815853,300,HTTP Request A3,200,OK,Thread Group  1-2,,true,,257,1,1,300,0
1606133816160,300,HTTP Request A4,200,OK,Thread Group  1-2,,true,,257,1,1,300,0
1606133816468,280,HTTP Request B1,200,OK,Thread Group  1-2,,true,,257,1,1,280,0
1606133816755,210,HTTP Request A3,200,OK,Thread Group  1-2,,true,,257,1,1,209,0
1606133816971,208,HTTP Request B6,200,OK,Thread Group  1-2,,true,,257,1,1,208,0
1606133817182,302,HTTP Request A1 ,200,OK,Thread Group  1-2,,true,,257,1,1,302,0
1606133817491,300,HTTP Request B1,200,OK,Thread Group  1-2,,true,,257,1,1,300,0
1606133817800,298,HTTP Request A4,200,OK,Thread Group  1-2,,true,,257,1,1,298,0
1606133818105,207,HTTP Request A5,200,OK,Thread Group  1-2,,true,,257,1,1,207,0
1606133818321,289,HTTP Request A3,200,OK,Thread Group  1-2,,true,,257,1,1,289,0
1606133818618,300,HTTP Request B1,200,OK,Thread Group  1-2,,true,,257,1,1,300,0
1606133818926,207,HTTP Request D6,200,OK,Thread Group  1-2,,true,,257,1,1,207,0
1606133819140,212,HTTP Request B6,200,OK,Thread Group  1-2,,true,,257,1,1,212,0
1606133819362,208,HTTP Request A6,200,OK,Thread Group  1-2,,true,,257,1,1,208,0
1606133819579,209,HTTP Request A4,200,OK,Thread Group  1-2,,true,,257,1,1,209,0
1606133819795,255,HTTP Request D1,200,OK,Thread Group  1-2,,true,,257,1,1,255,0
1606133820060,207,HTTP Request A3,200,OK,Thread Group  1-2,,true,,257,1,1,207,0
1606133820275,212,HTTP Request B1,200,OK,Thread Group  1-2,,true,,257,1,1,211,0
1606133820494,267,HTTP Request A5,200,OK,Thread Group  1-2,,true,,257,1,1,267,0
1606133820769,299,HTTP Request B6,200,OK,Thread Group  1-2,,true,,257,1,1,299,0
1606133821075,300,HTTP Request A3,200,OK,Thread Group  1-2,,true,,257,1,1,300,0
1606133821383,210,HTTP Request A1 ,200,OK,Thread Group  1-2,,true,,257,1,1,210,0
1606133821600,287,HTTP Request A5,200,OK,Thread Group  1-2,,true,,257,1,1,287,0
1606133821894,210,HTTP Request A1 ,200,OK,Thread Group  1-2,,true,,257,1,1,209,0
1606133822110,273,HTTP Request A3,200,OK,Thread Group  1-2,,true,,257,1,1,273,0
1606133822393,208,HTTP Request A6,200,OK,Thread Group  1-2,,true,,257,1,1,208,0
1606133822610,211,HTTP Request B6,200,OK,Thread Group  1-2,,true,,257,1,1,211,0
1606133822830,208,HTTP Request B6,200,OK,Thread Group  1-2,,true,,257,1,1,208,0
1606133823046,208,HTTP Request D1,200,OK,Thread Group  1-2,,true,,257,1,1,208,0
1606133823262,263,HTTP Request D1,200,OK,Thread Group  1-2,,true,,257,1,1,263,0
1606133823533,300,HTTP Request A6,200,OK,Thread Group  1-2,,true,,257,1,1,300,0
1606133823841,299,HTTP Request B4,200,OK,Thread Group  1-2,,true,,257,1,1,299,0
1606133824148,221,HTTP Request B4,200,OK,Thread Group  1-2,,true,,257,1,1,221,0
1606133824378,274,HTTP Request B6,200,OK,Thread Group  1-2,,true,,257,1,1,274,0
1606133824660,299,HTTP Request A3,200,OK,Thread Group  1-2,,true,,257,1,1,299,0
1606133824966,210,HTTP Request D2,200,OK,Thread Group  1-2,,true,,257,1,1,209,0
1606133825182,208,HTTP Request B3,200,OK,Thread Group  1-2,,true,,257,1,1,208,0
1606133825397,209,HTTP Request B5,200,OK,Thread Group  1-2,,true,,257,1,1,209,0
1606133825614,208,HTTP Request A5,200,OK,Thread Group  1-2,,true,,257,1,1,208,0
1606133825832,208,HTTP Request A4,200,OK,Thread Group  1-2,,true,,257,1,1,207,0
1606133826049,242,HTTP Request B2,200,OK,Thread Group  1-2,,true,,257,1,1,242,0
1606133826298,300,HTTP Request A5,200,OK,Thread Group  1-2,,true,,257,1,1,300,0
1606133826605,208,HTTP Request B4,200,OK,Thread Group  1-2,,true,,257,1,1,208,0
1606133826823,207,HTTP Request B1,200,OK,Thread Group  1-2,,true,,257,1,1,207,0
1606133827035,207,HTTP Request B6,200,OK,Thread Group  1-2,,true,,257,1,1,207,0
1606133827246,273,HTTP Request A4,200,OK,Thread Group  1-2,,true,,257,1,1,273,0
1606133827527,214,HTTP Request B5,200,OK,Thread Group  1-2,,true,,257,1,1,214,0
1606133827747,208,HTTP Request A1 ,200,OK,Thread Group  1-2,,true,,257,1,1,208,0
1606133827962,208,HTTP Request A3,200,OK,Thread Group  1-2,,true,,257,1,1,208,0
1606133828177,208,HTTP Request A3,200,OK,Thread Group  1-2,,true,,257,1,1,208,0
1606133828389,257,HTTP Request A5,200,OK,Thread Group  1-2,,true,,257,1,1,257,0
1606133828653,300,HTTP Request B6,200,OK,Thread Group  1-2,,true,,257,1,1,300,0
1606133828960,209,HTTP Request B3,200,OK,Thread Group  1-2,,true,,257,1,1,209,0
1606133829176,289,HTTP Request B1,200,OK,Thread Group  1-2,,true,,257,1,1,289,0
1606133829472,208,HTTP Request D4,200,OK,Thread Group  1-2,,true,,257,1,1,208,0
1606133829687,290,HTTP Request A5,200,OK,Thread Group  1-2,,true,,257,1,1,290,0
1606133829984,208,HTTP Request B5,200,OK,Thread Group  1-2,,true,,257,1,1,208,0
1606133830198,291,HTTP Request A4,200,OK,Thread Group  1-2,,true,,257,1,1,291,0
1606133830492,304,HTTP Request A5,200,OK,Thread Group  1-2,,true,,257,1,1,304,0
1606133830804,299,HTTP Request A2,200,OK,Thread Group  1-2,,true,,257,1,1,299,0
1606133851204,686,HTTP Request A6,200,OK,Thread Group  1-1,,true,,257,1,1,686,0
1606133851895,256,HTTP Request A3,200,OK,Thread Group  1-1,,true,,257,1,1,256,0
1606133852157,254,HTTP Request A3,200,OK,Thread Group  1-1,,true,,257,1,1,254,0
1606133852421,289,HTTP Request A3,200,OK,Thread Group  1-1,,true,,257,1,1,289,0
1606133852718,299,HTTP Request B6,200,OK,Thread Group  1-1,,true,,257,1,1,299,0
1606133853021,303,HTTP Request B3,200,OK,Thread Group  1-1,,true,,257,1,1,303,0
1606133853332,300,HTTP Request A1 ,200,OK,Thread Group  1-1,,true,,257,1,1,300,0
1606133853639,300,HTTP Request D6,200,OK,Thread Group  1-1,,true,,257,1,1,299,0
1606133853945,254,HTTP Request A4,200,OK,Thread Group  1-1,,true,,257,1,1,254,0
1606133854206,254,HTTP Request A1 ,200,OK,Thread Group  1-1,,true,,257,1,1,254,0
1606133854463,295,HTTP Request B2,200,OK,Thread Group  1-1,,true,,257,1,1,295,0
1606133854760,257,HTTP Request A1 ,200,OK,Thread Group  1-1,,true,,257,1,1,257,0
1606133855025,255,HTTP Request B2,200,OK,Thread Group  1-1,,true,,257,1,1,254,0
1606133855283,255,HTTP Request A6,200,OK,Thread Group  1-1,,true,,257,1,1,255,0
1606133855547,255,HTTP Request B2,200,OK,Thread Group  1-1,,true,,257,1,1,255,0
1606133855810,279,HTTP Request B1,200,OK,Thread Group  1-1,,true,,257,1,1,279,0
1606133856092,253,HTTP Request B4,200,OK,Thread Group  1-1,,true,,257,1,1,253,0
1606133856353,254,HTTP Request A6,200,OK,Thread Group  1-1,,true,,257,1,1,254,0
1606133856614,253,HTTP Request D2,200,OK,Thread Group  1-1,,true,,257,1,1,253,0
1606133856877,255,HTTP Request B3,200,OK,Thread Group  1-1,,true,,257,1,1,255,0
1606133857136,254,HTTP Request A2,200,OK,Thread Group  1-1,,true,,257,1,1,254,0
1606133857400,254,HTTP Request B3,200,OK,Thread Group  1-1,,true,,257,1,1,254,0
1606133857663,254,HTTP Request A1 ,200,OK,Thread Group  1-1,,true,,257,1,1,254,0
1606133857925,258,HTTP Request A5,200,OK,Thread Group  1-1,,true,,257,1,1,257,0
1606133858190,255,HTTP Request B2,200,OK,Thread Group  1-1,,true,,257,1,1,255,0
1606133858448,256,HTTP Request B1,200,OK,Thread Group  1-1,,true,,257,1,1,256,0
1606133858712,284,HTTP Request A3,200,OK,Thread Group  1-1,,true,,257,1,1,284,0
1606133858998,267,HTTP Request A4,200,OK,Thread Group  1-1,,true,,257,1,1,267,0
1606133859273,299,HTTP Request B1,200,OK,Thread Group  1-1,,true,,257,1,1,299,0
1606133859578,256,HTTP Request A2,200,OK,Thread Group  1-1,,true,,257,1,1,256,0
1606133859840,255,HTTP Request A5,200,OK,Thread Group  1-1,,true,,257,1,1,255,0
1606133860101,290,HTTP Request A5,200,OK,Thread Group  1-1,,true,,257,1,1,290,0
1606133860398,300,HTTP Request A6,200,OK,Thread Group  1-1,,true,,257,1,1,300,0
1606133860706,299,HTTP Request B5,200,OK,Thread Group  1-1,,true,,257,1,1,299,0
1606133861012,301,HTTP Request B3,200,OK,Thread Group  1-1,,true,,257,1,1,301,0
1606133861320,256,HTTP Request A2,200,OK,Thread Group  1-1,,true,,257,1,1,256,0
1606133861582,254,HTTP Request B1,200,OK,Thread Group  1-1,,true,,257,1,1,254,0
1606133861842,254,HTTP Request D1,200,OK,Thread Group  1-1,,true,,257,1,1,254,0
1606133862103,268,HTTP Request D4,200,OK,Thread Group  1-1,,true,,257,1,1,268,0
1606133862378,254,HTTP Request B1,200,OK,Thread Group  1-1,,true,,257,1,1,254,0
1606133862639,263,HTTP Request A2,200,OK,Thread Group  1-1,,true,,257,1,1,263,0
1606133862910,281,HTTP Request B2,200,OK,Thread Group  1-1,,true,,257,1,1,281,0
1606133863200,264,HTTP Request B2,200,OK,Thread Group  1-1,,true,,257,1,1,263,0
1606133863471,299,HTTP Request A2,200,OK,Thread Group  1-1,,true,,257,1,1,299,0
1606133863778,299,HTTP Request A1 ,200,OK,Thread Group  1-1,,true,,257,1,1,299,0
1606133864085,300,HTTP Request B4,200,OK,Thread Group  1-1,,true,,257,1,1,299,0
1606133864391,301,HTTP Request D1,200,OK,Thread Group  1-1,,true,,257,1,1,301,0
1606133864700,299,HTTP Request B4,200,OK,Thread Group  1-1,,true,,257,1,1,299,0
1606133865007,299,HTTP Request A3,200,OK,Thread Group  1-1,,true,,257,1,1,299,0
1606133865317,254,HTTP Request A3,200,OK,Thread Group  1-1,,true,,257,1,1,254,0
1606133865579,254,HTTP Request A1 ,200,OK,Thread Group  1-1,,true,,257,1,1,254,0
1606133865841,285,HTTP Request B2,200,OK,Thread Group  1-1,,true,,257,1,1,285,0
1606133866132,254,HTTP Request A3,200,OK,Thread Group  1-1,,true,,257,2,2,254,0
1606133866394,256,HTTP Request B2,200,OK,Thread Group  1-1,,true,,257,2,2,256,0
1606133866220,508,HTTP Request A2,200,OK,Thread Group  1-2,,true,,257,2,2,508,0
1606133866656,256,HTTP Request B5,200,OK,Thread Group  1-1,,true,,257,2,2,256,0
1606133866737,255,HTTP Request A1 ,200,OK,Thread Group  1-2,,true,,257,2,2,255,0
1606133866920,254,HTTP Request A4,200,OK,Thread Group  1-1,,true,,257,2,2,254,0
1606133866994,254,HTTP Request A2,200,OK,Thread Group  1-2,,true,,257,2,2,254,0
1606133867178,253,HTTP Request A3,200,OK,Thread Group  1-1,,true,,257,2,2,253,0
1606133867255,255,HTTP Request A4,200,OK,Thread Group  1-2,,true,,257,2,2,255,0
1606133867438,325,HTTP Request A1 ,200,OK,Thread Group  1-1,,true,,257,2,2,325,0
1606133867520,255,HTTP Request A3,200,OK,Thread Group  1-2,,true,,257,2,2,255,0
1606133867771,254,HTTP Request A5,200,OK,Thread Group  1-1,,true,,257,2,2,254,0
1606133867784,254,HTTP Request A2,200,OK,Thread Group  1-2,,true,,257,2,2,254,0
1606133868045,270,HTTP Request A3,200,OK,Thread Group  1-2,,true,,257,2,2,270,0
1606133868032,291,HTTP Request A2,200,OK,Thread Group  1-1,,true,,257,2,2,291,0
1606133868320,262,HTTP Request B2,200,OK,Thread Group  1-2,,true,,257,2,2,262,0
1606133868325,257,HTTP Request B1,200,OK,Thread Group  1-1,,true,,257,2,2,257,0
1606133868591,298,HTTP Request A1 ,200,OK,Thread Group  1-1,,true,,257,2,2,298,0
1606133868592,297,HTTP Request A4,200,OK,Thread Group  1-2,,true,,257,2,2,297,0
1606133868899,254,HTTP Request B3,200,OK,Thread Group  1-2,,true,,257,2,2,254,0
1606133868899,254,HTTP Request A4,200,OK,Thread Group  1-1,,true,,257,2,2,254,0
1606133869167,278,HTTP Request D6,200,OK,Thread Group  1-2,,true,,257,2,2,278,0
1606133869168,277,HTTP Request A6,200,OK,Thread Group  1-1,,true,,257,2,2,277,0
1606133869454,256,HTTP Request B4,200,OK,Thread Group  1-2,,true,,257,2,2,256,0
1606133869455,258,HTTP Request A2,200,OK,Thread Group  1-1,,true,,257,2,2,258,0
1606133869724,258,HTTP Request A2,200,OK,Thread Group  1-2,,true,,257,2,2,258,0
1606133869725,258,HTTP Request A2,200,OK,Thread Group  1-1,,true,,257,2,2,258,0
1606133869993,261,HTTP Request B6,200,OK,Thread Group  1-2,,true,,257,2,2,261,0
1606133869994,267,HTTP Request A5,200,OK,Thread Group  1-1,,true,,257,2,2,267,0
1606133870262,266,HTTP Request A5,200,OK,Thread Group  1-2,,true,,257,2,2,266,0
1606133870269,259,HTTP Request A1 ,200,OK,Thread Group  1-1,,true,,257,2,2,259,0
1606133870536,255,HTTP Request A6,200,OK,Thread Group  1-1,,true,,257,2,2,255,0
1606133870536,259,HTTP Request A4,200,OK,Thread Group  1-2,,true,,257,2,2,259,0
1606133870804,275,HTTP Request B6,200,OK,Thread Group  1-2,,true,,257,2,2,275,0
1606133870802,277,HTTP Request B4,200,OK,Thread Group  1-1,,true,,257,2,2,277,0
1606133871088,259,HTTP Request B4,200,OK,Thread Group  1-2,,true,,257,2,2,259,0
1606133871088,259,HTTP Request A1 ,200,OK,Thread Group  1-1,,true,,257,2,2,259,0
1606133871356,298,HTTP Request A3,200,OK,Thread Group  1-2,,true,,257,2,2,298,0
1606133871357,297,HTTP Request A4,200,OK,Thread Group  1-1,,true,,257,2,2,297,0
1606133871663,298,HTTP Request D6,200,OK,Thread Group  1-1,,true,,257,2,2,298,0
1606133871663,298,HTTP Request B3,200,OK,Thread Group  1-2,,true,,257,2,2,298,0
1606133871967,254,HTTP Request A5,200,OK,Thread Group  1-2,,true,,257,2,2,254,0
1606133871967,254,HTTP Request A5,200,OK,Thread Group  1-1,,true,,257,2,2,254,0
1606133872225,259,HTTP Request B3,200,OK,Thread Group  1-1,,true,,257,2,2,259,0
1606133872225,259,HTTP Request A2,200,OK,Thread Group  1-2,,true,,257,2,2,259,0
1606133872491,254,HTTP Request A5,200,OK,Thread Group  1-1,,true,,257,2,2,254,0
1606133872491,255,HTTP Request B5,200,OK,Thread Group  1-2,,true,,257,2,2,255,0
1606133872754,254,HTTP Request B5,200,OK,Thread Group  1-1,,true,,257,2,2,254,0
1606133872754,255,HTTP Request A1 ,200,OK,Thread Group  1-2,,true,,257,2,2,255,0
1606133873018,254,HTTP Request A1 ,200,OK,Thread Group  1-1,,true,,257,2,2,254,0
1606133873019,253,HTTP Request A4,200,OK,Thread Group  1-2,,true,,257,2,2,253,0
1606133873280,254,HTTP Request D1,200,OK,Thread Group  1-2,,true,,257,2,2,254,0
1606133873279,261,HTTP Request D1,200,OK,Thread Group  1-1,,true,,257,2,2,261,0
1606133873543,255,HTTP Request A4,200,OK,Thread Group  1-2,,true,,257,2,2,255,0
1606133873549,259,HTTP Request B5,200,OK,Thread Group  1-1,,true,,257,2,2,258,0
1606133873816,265,HTTP Request A6,200,OK,Thread Group  1-1,,true,,257,2,2,265,0
1606133873805,276,HTTP Request D3,200,OK,Thread Group  1-2,,true,,257,2,2,276,0
1606133874092,256,HTTP Request A3,200,OK,Thread Group  1-1,,true,,257,2,2,256,0
1606133874093,255,HTTP Request B4,200,OK,Thread Group  1-2,,true,,257,2,2,255,0
1606133874356,268,HTTP Request B2,200,OK,Thread Group  1-2,,true,,257,2,2,268,0
1606133874355,269,HTTP Request A2,200,OK,Thread Group  1-1,,true,,257,2,2,269,0
1606133874632,299,HTTP Request B6,200,OK,Thread Group  1-1,,true,,257,2,2,299,0
1606133874632,299,HTTP Request A3,200,OK,Thread Group  1-2,,true,,257,2,2,299,0
1606133874940,298,HTTP Request B6,200,OK,Thread Group  1-1,,true,,257,2,2,298,0
1606133874940,298,HTTP Request A6,200,OK,Thread Group  1-2,,true,,257,2,2,298,0
1606133875245,255,HTTP Request B4,200,OK,Thread Group  1-1,,true,,257,2,2,255,0
1606133875246,256,HTTP Request B2,200,OK,Thread Group  1-2,,true,,257,2,2,256,0
1606133875510,255,HTTP Request B2,200,OK,Thread Group  1-1,,true,,257,2,2,255,0
1606133875511,254,HTTP Request B2,200,OK,Thread Group  1-2,,true,,257,2,2,254,0
1606133875774,283,HTTP Request A6,200,OK,Thread Group  1-2,,true,,257,2,2,283,0
1606133875773,284,HTTP Request B1,200,OK,Thread Group  1-1,,true,,257,2,2,284,0
1606133876067,298,HTTP Request A3,200,OK,Thread Group  1-2,,true,,257,2,2,298,0
1606133876067,298,HTTP Request A4,200,OK,Thread Group  1-1,,true,,257,2,2,298,0
1606133876373,299,HTTP Request B5,200,OK,Thread Group  1-2,,true,,257,2,2,299,0
1606133876374,298,HTTP Request A3,200,OK,Thread Group  1-1,,true,,257,2,2,298,0
1606133876679,255,HTTP Request A4,200,OK,Thread Group  1-2,,true,,257,2,2,255,0
1606133876680,254,HTTP Request B5,200,OK,Thread Group  1-1,,true,,257,2,2,254,0
1606133876957,254,HTTP Request A5,200,OK,Thread Group  1-1,,true,,257,2,2,254,0
1606133876957,254,HTTP Request B2,200,OK,Thread Group  1-2,,true,,257,2,2,254,0
1606133877214,277,HTTP Request A4,200,OK,Thread Group  1-1,,true,,257,2,2,277,0
1606133877214,277,HTTP Request B5,200,OK,Thread Group  1-2,,true,,257,2,2,277,0
1606133877499,299,HTTP Request B4,200,OK,Thread Group  1-1,,true,,257,2,2,299,0
1606133877500,298,HTTP Request A3,200,OK,Thread Group  1-2,,true,,257,2,2,298,0
1606133877807,299,HTTP Request A5,200,OK,Thread Group  1-2,,true,,257,2,2,299,0
1606133877808,298,HTTP Request A1 ,200,OK,Thread Group  1-1,,true,,257,2,2,298,0
1606133878116,296,HTTP Request B1,200,OK,Thread Group  1-2,,true,,257,2,2,296,0
1606133878116,296,HTTP Request A2,200,OK,Thread Group  1-1,,true,,257,2,2,296,0
1606133878422,297,HTTP Request A5,200,OK,Thread Group  1-2,,true,,257,2,2,297,0
1606133878423,296,HTTP Request B6,200,OK,Thread Group  1-1,,true,,257,2,2,296,0
1606133878726,276,HTTP Request D1,200,OK,Thread Group  1-2,,true,,257,2,2,276,0
1606133878727,275,HTTP Request A5,200,OK,Thread Group  1-1,,true,,257,2,2,275,0
1606133879011,254,HTTP Request A1 ,200,OK,Thread Group  1-2,,true,,257,2,2,254,0
1606133879012,255,HTTP Request B1,200,OK,Thread Group  1-1,,true,,257,2,2,255,0
1606133879276,263,HTTP Request A6,200,OK,Thread Group  1-2,,true,,257,2,2,263,0
1606133879276,263,HTTP Request A4,200,OK,Thread Group  1-1,,true,,257,2,2,263,0
1606133879548,256,HTTP Request A1 ,200,OK,Thread Group  1-2,,true,,257,1,1,256,0
1606133879809,255,HTTP Request A3,200,OK,Thread Group  1-2,,true,,257,1,1,255,0
1606133880074,255,HTTP Request A6,200,OK,Thread Group  1-2,,true,,257,1,1,255,0
1606133880333,255,HTTP Request D6,200,OK,Thread Group  1-2,,true,,257,1,1,255,0
1606133880595,275,HTTP Request A2,200,OK,Thread Group  1-2,,true,,257,1,1,275,0
1606133880878,299,HTTP Request A1 ,200,OK,Thread Group  1-2,,true,,257,1,1,299,0
1606133881184,301,HTTP Request A6,200,OK,Thread Group  1-2,,true,,257,1,1,301,0
1606133881492,300,HTTP Request A3,200,OK,Thread Group  1-2,,true,,257,1,1,300,0
1606133881800,256,HTTP Request B5,200,OK,Thread Group  1-2,,true,,257,1,1,256,0
1606133882059,253,HTTP Request B5,200,OK,Thread Group  1-2,,true,,257,1,1,253,0
1606133882318,255,HTTP Request A1 ,200,OK,Thread Group  1-2,,true,,257,1,1,255,0
1606133882580,277,HTTP Request A1 ,200,OK,Thread Group  1-2,,true,,257,1,1,277,0
1606133882864,260,HTTP Request A4,200,OK,Thread Group  1-2,,true,,257,1,1,260,0
1606133883131,254,HTTP Request B5,200,OK,Thread Group  1-2,,true,,257,1,1,254,0
1606133883389,255,HTTP Request A4,200,OK,Thread Group  1-2,,true,,257,1,1,255,0
1606133883650,293,HTTP Request B6,200,OK,Thread Group  1-2,,true,,257,1,1,293,0
1606133883949,256,HTTP Request B6,200,OK,Thread Group  1-2,,true,,257,1,1,256,0
1606133884212,254,HTTP Request A5,200,OK,Thread Group  1-2,,true,,257,1,1,254,0
1606133884473,289,HTTP Request A5,200,OK,Thread Group  1-2,,true,,257,1,1,289,0
1606133884770,299,HTTP Request A2,200,OK,Thread Group  1-2,,true,,257,1,1,299,0
1606133885077,300,HTTP Request B3,200,OK,Thread Group  1-2,,true,,257,1,1,300,0
1606133885383,256,HTTP Request B6,200,OK,Thread Group  1-2,,true,,257,1,1,256,0
1606133885647,255,HTTP Request A3,200,OK,Thread Group  1-2,,true,,257,1,1,255,0
1606133885909,256,HTTP Request A4,200,OK,Thread Group  1-2,,true,,257,1,1,256,0
1606133886172,258,HTTP Request B3,200,OK,Thread Group  1-2,,true,,257,1,1,258,0
1606133886437,254,HTTP Request A3,200,OK,Thread Group  1-2,,true,,257,1,1,254,0
1606133886698,257,HTTP Request B4,200,OK,Thread Group  1-2,,true,,257,1,1,257,0
1606133886961,259,HTTP Request A3,200,OK,Thread Group  1-2,,true,,257,1,1,259,0
1606133887222,293,HTTP Request A6,200,OK,Thread Group  1-2,,true,,257,1,1,293,0
1606133887522,312,HTTP Request A3,200,OK,Thread Group  1-2,,true,,257,1,1,312,0
1606133887842,300,HTTP Request A5,200,OK,Thread Group  1-2,,true,,257,1,1,300,0
1606133888148,301,HTTP Request A1 ,200,OK,Thread Group  1-2,,true,,257,1,1,301,0
1606133888455,301,HTTP Request A2,200,OK,Thread Group  1-2,,true,,257,1,1,301,0
1606133888764,255,HTTP Request A3,200,OK,Thread Group  1-2,,true,,257,1,1,255,0
1606133889026,256,HTTP Request A4,200,OK,Thread Group  1-2,,true,,257,1,1,256,0
1606133889289,255,HTTP Request A6,200,OK,Thread Group  1-2,,true,,257,1,1,255,0
1606133889547,254,HTTP Request D5,200,OK,Thread Group  1-2,,true,,257,1,1,254,0
1606133889808,254,HTTP Request B1,200,OK,Thread Group  1-2,,true,,257,1,1,254,0
1606133890070,324,HTTP Request B3,200,OK,Thread Group  1-2,,true,,257,1,1,324,0
1606133890401,300,HTTP Request B6,200,OK,Thread Group  1-2,,true,,257,1,1,300,0
1606133890708,301,HTTP Request A6,200,OK,Thread Group  1-2,,true,,257,1,1,301,0
1606133891016,300,HTTP Request A2,200,OK,Thread Group  1-2,,true,,257,1,1,300,0
1606133891324,299,HTTP Request B1,200,OK,Thread Group  1-2,,true,,257,1,1,299,0
1606133891630,299,HTTP Request D5,200,OK,Thread Group  1-2,,true,,257,1,1,299,0
1606133891938,255,HTTP Request B5,200,OK,Thread Group  1-2,,true,,257,1,1,255,0
1606133892196,254,HTTP Request A6,200,OK,Thread Group  1-2,,true,,257,1,1,254,0
1606133892458,254,HTTP Request A6,200,OK,Thread Group  1-2,,true,,257,1,1,254,0
1606133892719,255,HTTP Request B5,200,OK,Thread Group  1-2,,true,,257,1,1,255,0
1606133892980,281,HTTP Request A4,200,OK,Thread Group  1-2,,true,,257,1,1,281,0
1606133893268,300,HTTP Request A3,200,OK,Thread Group  1-2,,true,,257,1,1,300,0
1606133893575,300,HTTP Request B3,200,OK,Thread Group  1-2,,true,,257,1,1,300,0
1606133893883,299,HTTP Request A3,200,OK,Thread Group  1-2,,true,,257,1,1,299,0
1606133894190,299,HTTP Request B6,200,OK,Thread Group  1-2,,true,,257,1,1,299,0
1606133948613,393,HTTP Request B4,200,OK,Thread Group  1-1,,true,,257,1,1,393,0
1606133949012,159,HTTP Request A4,200,OK,Thread Group  1-1,,true,,257,1,1,159,0
1606133949178,198,HTTP Request B5,200,OK,Thread Group  1-1,,true,,257,1,1,198,0
1606133949380,201,HTTP Request A3,200,OK,Thread Group  1-1,,true,,257,1,1,201,0
1606133949590,140,HTTP Request B1,200,OK,Thread Group  1-1,,true,,257,1,1,140,0
1606133949737,163,HTTP Request A3,200,OK,Thread Group  1-1,,true,,257,1,1,163,0
1606133949910,140,HTTP Request B5,200,OK,Thread Group  1-1,,true,,257,1,1,140,0
1606133950056,147,HTTP Request B3,200,OK,Thread Group  1-1,,true,,257,1,1,147,0
1606133950210,158,HTTP Request A2,200,OK,Thread Group  1-1,,true,,257,1,1,158,0
1606133950376,138,HTTP Request A1 ,200,OK,Thread Group  1-1,,true,,257,1,1,138,0
1606133950521,138,HTTP Request A5,200,OK,Thread Group  1-1,,true,,257,1,1,138,0
1606133950667,245,HTTP Request A1 ,200,OK,Thread Group  1-1,,true,,257,1,1,245,0
1606133950915,202,HTTP Request A6,200,OK,Thread Group  1-1,,true,,257,1,1,202,0
1606133951122,200,HTTP Request A6,200,OK,Thread Group  1-1,,true,,257,1,1,200,0
1606133951329,197,HTTP Request B4,200,OK,Thread Group  1-1,,true,,257,1,1,197,0
1606133951533,198,HTTP Request B2,200,OK,Thread Group  1-1,,true,,257,1,1,198,0
1606133951738,199,HTTP Request B6,200,OK,Thread Group  1-1,,true,,257,1,1,199,0
1606133951943,138,HTTP Request A3,200,OK,Thread Group  1-1,,true,,257,1,1,138,0
1606133952089,140,HTTP Request A1 ,200,OK,Thread Group  1-1,,true,,257,1,1,140,0
1606133952231,138,HTTP Request A4,200,OK,Thread Group  1-1,,true,,257,1,1,138,0
1606133952377,137,HTTP Request A2,200,OK,Thread Group  1-1,,true,,257,1,1,137,0
1606133952522,138,HTTP Request B5,200,OK,Thread Group  1-1,,true,,257,1,1,138,0
1606133952666,139,HTTP Request B5,200,OK,Thread Group  1-1,,true,,257,1,1,139,0
1606133952813,147,HTTP Request A5,200,OK,Thread Group  1-1,,true,,257,1,1,147,0
1606133952968,139,HTTP Request B5,200,OK,Thread Group  1-1,,true,,257,1,1,139,0
1606133953115,140,HTTP Request B4,200,OK,Thread Group  1-1,,true,,257,1,1,140,0
1606133953263,209,HTTP Request B4,200,OK,Thread Group  1-1,,true,,257,1,1,209,0
1606133953482,195,HTTP Request B5,200,OK,Thread Group  1-1,,true,,257,1,1,195,0
1606133953687,195,HTTP Request A6,200,OK,Thread Group  1-1,,true,,257,1,1,195,0
1606133953888,198,HTTP Request A6,200,OK,Thread Group  1-1,,true,,257,1,1,198,0
1606133954093,194,HTTP Request B1,200,OK,Thread Group  1-1,,true,,257,1,1,194,0
1606133954294,137,HTTP Request A2,200,OK,Thread Group  1-1,,true,,257,1,1,137,0
1606133954439,160,HTTP Request B6,200,OK,Thread Group  1-1,,true,,257,1,1,160,0
1606133954607,197,HTTP Request A4,200,OK,Thread Group  1-1,,true,,257,1,1,196,0
1606133954813,195,HTTP Request B6,200,OK,Thread Group  1-1,,true,,257,1,1,195,0
1606133955021,193,HTTP Request A3,200,OK,Thread Group  1-1,,true,,257,1,1,193,0
1606133955224,194,HTTP Request A6,200,OK,Thread Group  1-1,,true,,257,1,1,194,0
1606133955422,139,HTTP Request B2,200,OK,Thread Group  1-1,,true,,257,1,1,139,0
1606133955570,155,HTTP Request B4,200,OK,Thread Group  1-1,,true,,257,1,1,155,0
1606133955731,199,HTTP Request B4,200,OK,Thread Group  1-1,,true,,257,1,1,199,0
1606133955934,201,HTTP Request A1 ,200,OK,Thread Group  1-1,,true,,257,1,1,201,0
1606133956143,197,HTTP Request B5,200,OK,Thread Group  1-1,,true,,257,1,1,197,0
1606133956345,199,HTTP Request A4,200,OK,Thread Group  1-1,,true,,257,1,1,199,0
1606133956550,139,HTTP Request A3,200,OK,Thread Group  1-1,,true,,257,1,1,139,0
1606133956695,138,HTTP Request B5,200,OK,Thread Group  1-1,,true,,257,1,1,138,0
1606133956841,161,HTTP Request B6,200,OK,Thread Group  1-1,,true,,257,1,1,161,0
1606133957005,138,HTTP Request A2,200,OK,Thread Group  1-1,,true,,257,1,1,138,0
1606133957145,138,HTTP Request B3,200,OK,Thread Group  1-1,,true,,257,1,1,138,0
1606133957290,139,HTTP Request A6,200,OK,Thread Group  1-1,,true,,257,1,1,139,0
1606133957435,139,HTTP Request B6,200,OK,Thread Group  1-1,,true,,257,1,1,139,0
1606133957580,193,HTTP Request A6,200,OK,Thread Group  1-1,,true,,257,1,1,193,0
1606133957780,198,HTTP Request B6,200,OK,Thread Group  1-1,,true,,257,1,1,198,0
1606133957984,138,HTTP Request A5,200,OK,Thread Group  1-1,,true,,257,1,1,138,0
1606133958128,157,HTTP Request B4,200,OK,Thread Group  1-1,,true,,257,1,1,157,0
1606133958294,196,HTTP Request B4,200,OK,Thread Group  1-1,,true,,257,1,1,196,0
1606133958497,198,HTTP Request A4,200,OK,Thread Group  1-1,,true,,257,1,1,198,0
1606133958701,198,HTTP Request A2,200,OK,Thread Group  1-1,,true,,257,1,1,198,0
1606133958902,202,HTTP Request A3,200,OK,Thread Group  1-1,,true,,257,1,1,202,0
1606133959112,197,HTTP Request D4,200,OK,Thread Group  1-1,,true,,257,1,1,197,0
1606133959315,199,HTTP Request B6,200,OK,Thread Group  1-1,,true,,257,1,1,199,0
1606133959521,141,HTTP Request A6,200,OK,Thread Group  1-1,,true,,257,1,1,141,0
1606133959669,138,HTTP Request A1 ,200,OK,Thread Group  1-1,,true,,257,1,1,138,0
1606133959813,213,HTTP Request A1 ,200,OK,Thread Group  1-1,,true,,257,1,1,213,0
1606133960033,138,HTTP Request A1 ,200,OK,Thread Group  1-1,,true,,257,1,1,138,0
1606133960177,140,HTTP Request B6,200,OK,Thread Group  1-1,,true,,257,1,1,140,0
1606133960324,214,HTTP Request A3,200,OK,Thread Group  1-1,,true,,257,1,1,214,0
1606133960545,198,HTTP Request D3,200,OK,Thread Group  1-1,,true,,257,1,1,198,0
1606133960749,198,HTTP Request B2,200,OK,Thread Group  1-1,,true,,257,1,1,198,0
1606133960955,197,HTTP Request B3,200,OK,Thread Group  1-1,,true,,257,1,1,197,0
1606133961158,140,HTTP Request D1,200,OK,Thread Group  1-1,,true,,257,1,1,140,0
1606133961301,139,HTTP Request B6,200,OK,Thread Group  1-1,,true,,257,1,1,139,0
1606133961445,220,HTTP Request B1,200,OK,Thread Group  1-1,,true,,257,1,1,220,0
1606133961672,197,HTTP Request A4,200,OK,Thread Group  1-1,,true,,257,1,1,197,0
1606133961876,138,HTTP Request B5,200,OK,Thread Group  1-1,,true,,257,1,1,138,0
1606133962017,139,HTTP Request A5,200,OK,Thread Group  1-1,,true,,257,1,1,139,0
1606133962163,217,HTTP Request B5,200,OK,Thread Group  1-1,,true,,257,1,1,217,0
1606133962387,138,HTTP Request A2,200,OK,Thread Group  1-1,,true,,257,1,1,138,0
1606133962533,155,HTTP Request A2,200,OK,Thread Group  1-1,,true,,257,1,1,155,0
1606133962694,199,HTTP Request A1 ,200,OK,Thread Group  1-1,,true,,257,1,1,199,0
1606133962900,198,HTTP Request B2,200,OK,Thread Group  1-1,,true,,257,1,1,198,0
1606133963105,185,HTTP Request A2,200,OK,Thread Group  1-1,,true,,257,1,1,185,0
1606133963297,210,HTTP Request B3,200,OK,Thread Group  1-1,,true,,257,1,1,210,0
1606133963513,139,HTTP Request B2,200,OK,Thread Group  1-1,,true,,257,2,2,139,0
1606133963660,138,HTTP Request B2,200,OK,Thread Group  1-1,,true,,257,2,2,138,0
1606133963622,278,HTTP Request D1,200,OK,Thread Group  1-2,,true,,257,2,2,278,0
1606133963800,137,HTTP Request B6,200,OK,Thread Group  1-1,,true,,257,2,2,137,0
1606133963905,137,HTTP Request A3,200,OK,Thread Group  1-2,,true,,257,2,2,137,0
1606133963940,139,HTTP Request B5,200,OK,Thread Group  1-1,,true,,257,2,2,139,0
1606133964045,138,HTTP Request A6,200,OK,Thread Group  1-2,,true,,257,2,2,138,0
1606133964084,172,HTTP Request A4,200,OK,Thread Group  1-1,,true,,257,2,2,172,0
1606133964186,139,HTTP Request A5,200,OK,Thread Group  1-2,,true,,257,2,2,139,0
1606133964259,138,HTTP Request A6,200,OK,Thread Group  1-1,,true,,257,2,2,138,0
1606133964328,139,HTTP Request D1,200,OK,Thread Group  1-2,,true,,257,2,2,139,0
1606133964404,139,HTTP Request B3,200,OK,Thread Group  1-1,,true,,257,2,2,139,0
1606133964471,139,HTTP Request B4,200,OK,Thread Group  1-2,,true,,257,2,2,139,0
1606133964550,140,HTTP Request A6,200,OK,Thread Group  1-1,,true,,257,2,2,140,0
1606133964616,139,HTTP Request A1 ,200,OK,Thread Group  1-2,,true,,257,2,2,139,0
1606133964694,138,HTTP Request B5,200,OK,Thread Group  1-1,,true,,257,2,2,138,0
1606133964762,141,HTTP Request B3,200,OK,Thread Group  1-2,,true,,257,2,2,141,0
1606133964839,137,HTTP Request A5,200,OK,Thread Group  1-1,,true,,257,2,2,137,0
1606133964906,144,HTTP Request D5,200,OK,Thread Group  1-2,,true,,257,2,2,144,0
1606133964980,138,HTTP Request A5,200,OK,Thread Group  1-1,,true,,257,2,2,138,0
1606133965057,140,HTTP Request A5,200,OK,Thread Group  1-2,,true,,257,2,2,140,0
1606133965128,137,HTTP Request D2,200,OK,Thread Group  1-1,,true,,257,2,2,137,0
1606133965205,139,HTTP Request A4,200,OK,Thread Group  1-2,,true,,257,2,2,139,0
1606133965270,137,HTTP Request A4,200,OK,Thread Group  1-1,,true,,257,2,2,137,0
1606133965347,140,HTTP Request B1,200,OK,Thread Group  1-2,,true,,257,2,2,140,0
1606133965411,137,HTTP Request B6,200,OK,Thread Group  1-1,,true,,257,2,2,137,0
1606133965493,139,HTTP Request B1,200,OK,Thread Group  1-2,,true,,257,2,2,139,0
1606133965555,138,HTTP Request B2,200,OK,Thread Group  1-1,,true,,257,2,2,138,0
1606133965638,143,HTTP Request A5,200,OK,Thread Group  1-2,,true,,257,2,2,143,0
1606133965700,140,HTTP Request A4,200,OK,Thread Group  1-1,,true,,257,2,2,139,0
1606133965788,140,HTTP Request A3,200,OK,Thread Group  1-2,,true,,257,2,2,140,0
1606133965846,138,HTTP Request A6,200,OK,Thread Group  1-1,,true,,257,2,2,138,0
1606133965935,141,HTTP Request A5,200,OK,Thread Group  1-2,,true,,257,2,2,141,0
1606133965991,138,HTTP Request B6,200,OK,Thread Group  1-1,,true,,257,2,2,138,0
1606133966082,139,HTTP Request D6,200,OK,Thread Group  1-2,,true,,257,1,1,139,0
1606133966229,139,HTTP Request A2,200,OK,Thread Group  1-2,,true,,257,1,1,139,0
1606133966374,140,HTTP Request A2,200,OK,Thread Group  1-2,,true,,257,1,1,140,0
1606133966520,140,HTTP Request A1 ,200,OK,Thread Group  1-2,,true,,257,1,1,140,0
1606133966667,141,HTTP Request B3,200,OK,Thread Group  1-2,,true,,257,1,1,141,0
1606133966825,140,HTTP Request B2,200,OK,Thread Group  1-2,,true,,257,1,1,140,0
1606133966972,144,HTTP Request B6,200,OK,Thread Group  1-2,,true,,257,1,1,144,0
1606133967119,142,HTTP Request A5,200,OK,Thread Group  1-2,,true,,257,1,1,142,0
1606133967268,140,HTTP Request A2,200,OK,Thread Group  1-2,,true,,257,1,1,140,0
1606133967415,141,HTTP Request B5,200,OK,Thread Group  1-2,,true,,257,1,1,141,0
1606133967563,140,HTTP Request A1 ,200,OK,Thread Group  1-2,,true,,257,1,1,140,0
1606133967710,202,HTTP Request B3,200,OK,Thread Group  1-2,,true,,257,1,1,202,0
1606133967919,197,HTTP Request A1 ,200,OK,Thread Group  1-2,,true,,257,1,1,197,0
1606133968125,197,HTTP Request D4,200,OK,Thread Group  1-2,,true,,257,1,1,197,0
1606133968333,193,HTTP Request A1 ,200,OK,Thread Group  1-2,,true,,257,1,1,193,0
1606133968533,198,HTTP Request B1,200,OK,Thread Group  1-2,,true,,257,1,1,198,0
1606133968739,197,HTTP Request A2,200,OK,Thread Group  1-2,,true,,257,1,1,197,0
1606133968943,197,HTTP Request B1,200,OK,Thread Group  1-2,,true,,257,1,1,197,0
1606133969146,198,HTTP Request A4,200,OK,Thread Group  1-2,,true,,257,1,1,198,0
1606133969351,200,HTTP Request A5,200,OK,Thread Group  1-2,,true,,257,1,1,200,0
1606133969558,139,HTTP Request A4,200,OK,Thread Group  1-2,,true,,257,1,1,139,0
1606133969704,139,HTTP Request A1 ,200,OK,Thread Group  1-2,,true,,257,1,1,139,0
1606133969850,143,HTTP Request B1,200,OK,Thread Group  1-2,,true,,257,1,1,143,0
1606133970001,139,HTTP Request B2,200,OK,Thread Group  1-2,,true,,257,1,1,139,0
1606133970147,139,HTTP Request B2,200,OK,Thread Group  1-2,,true,,257,1,1,139,0
1606133970292,145,HTTP Request A1 ,200,OK,Thread Group  1-2,,true,,257,1,1,144,0
1606133970444,145,HTTP Request A1 ,200,OK,Thread Group  1-2,,true,,257,1,1,145,0
1606133970593,288,HTTP Request B2,200,OK,Thread Group  1-2,,true,,257,1,1,288,0
1606133970888,198,HTTP Request D6,200,OK,Thread Group  1-2,,true,,257,1,1,198,0
1606133971093,139,HTTP Request B6,200,OK,Thread Group  1-2,,true,,257,1,1,139,0
1606133971238,258,HTTP Request A3,200,OK,Thread Group  1-2,,true,,257,1,1,258,0
1606133971502,139,HTTP Request A1 ,200,OK,Thread Group  1-2,,true,,257,1,1,139,0
1606133971646,139,HTTP Request B4,200,OK,Thread Group  1-2,,true,,257,1,1,139,0
1606133971791,139,HTTP Request B3,200,OK,Thread Group  1-2,,true,,257,1,1,139,0
1606133971935,139,HTTP Request A4,200,OK,Thread Group  1-2,,true,,257,1,1,139,0
1606133972080,141,HTTP Request A5,200,OK,Thread Group  1-2,,true,,257,1,1,141,0
1606133972224,138,HTTP Request B2,200,OK,Thread Group  1-2,,true,,257,1,1,138,0
1606133972370,139,HTTP Request A3,200,OK,Thread Group  1-2,,true,,257,1,1,139,0
1606133972516,208,HTTP Request A4,200,OK,Thread Group  1-2,,true,,257,1,1,208,0
1606133972733,195,HTTP Request B1,200,OK,Thread Group  1-2,,true,,257,1,1,195,0
1606133972935,198,HTTP Request B5,200,OK,Thread Group  1-2,,true,,257,1,1,198,0
1606133973141,197,HTTP Request A6,200,OK,Thread Group  1-2,,true,,257,1,1,197,0
1606133973344,199,HTTP Request B1,200,OK,Thread Group  1-2,,true,,257,1,1,199,0
1606133973549,198,HTTP Request B2,200,OK,Thread Group  1-2,,true,,257,1,1,198,0
1606133973754,198,HTTP Request A1 ,200,OK,Thread Group  1-2,,true,,257,1,1,198,0
1606133973955,138,HTTP Request B2,200,OK,Thread Group  1-2,,true,,257,1,1,138,0
1606133974100,159,HTTP Request A4,200,OK,Thread Group  1-2,,true,,257,1,1,159,0
1606133974267,177,HTTP Request D6,200,OK,Thread Group  1-2,,true,,257,1,1,177,0
1606133974453,139,HTTP Request A5,200,OK,Thread Group  1-2,,true,,257,1,1,139,0
1606133974594,177,HTTP Request A2,200,OK,Thread Group  1-2,,true,,257,1,1,177,0
1606133974779,197,HTTP Request A1 ,200,OK,Thread Group  1-2,,true,,257,1,1,197,0
1606133974983,198,HTTP Request A4,200,OK,Thread Group  1-2,,true,,257,1,1,198,0
1606133975187,139,HTTP Request B6,200,OK,Thread Group  1-2,,true,,257,1,1,139,0
1606133975329,138,HTTP Request B6,200,OK,Thread Group  1-2,,true,,257,1,1,138,0
1606133975474,141,HTTP Request A5,200,OK,Thread Group  1-2,,true,,257,1,1,141,0
1606133975620,175,HTTP Request A1 ,200,OK,Thread Group  1-2,,true,,257,1,1,175,0
1606133975801,199,HTTP Request B1,200,OK,Thread Group  1-2,,true,,257,1,1,199,0
1606133976007,198,HTTP Request B2,200,OK,Thread Group  1-2,,true,,257,1,1,198,0
1606133976211,199,HTTP Request B5,200,OK,Thread Group  1-2,,true,,257,1,1,199,0
1606133976417,198,HTTP Request A1 ,200,OK,Thread Group  1-2,,true,,257,1,1,198,0
1606133976621,140,HTTP Request B1,200,OK,Thread Group  1-2,,true,,257,1,1,140,0
1606133976767,211,HTTP Request A1 ,200,OK,Thread Group  1-2,,true,,257,1,1,211,0
1606133976982,141,HTTP Request A1 ,200,OK,Thread Group  1-2,,true,,257,1,1,141,0
1606133977130,140,HTTP Request D4,200,OK,Thread Group  1-2,,true,,257,1,1,140,0
1606133977280,256,HTTP Request A5,200,OK,Thread Group  1-2,,true,,257,1,1,256,0
1606133977539,202,HTTP Request A1 ,200,OK,Thread Group  1-2,,true,,257,1,1,202,0
1606133977745,201,HTTP Request A5,200,OK,Thread Group  1-2,,true,,257,1,1,201,0
1606133977949,202,HTTP Request A4,200,OK,Thread Group  1-2,,true,,257,1,1,202,0
1606133978156,200,HTTP Request B6,200,OK,Thread Group  1-2,,true,,257,1,1,200,0
1606133978363,197,HTTP Request A3,200,OK,Thread Group  1-2,,true,,257,1,1,197,0
1606133978563,138,HTTP Request B3,200,OK,Thread Group  1-2,,true,,257,1,1,138,0
1606133978706,264,HTTP Request B1,200,OK,Thread Group  1-2,,true,,257,1,1,264,0
1606133978976,199,HTTP Request A4,200,OK,Thread Group  1-2,,true,,257,1,1,199,0
1606133979181,138,HTTP Request A5,200,OK,Thread Group  1-2,,true,,257,1,1,138,0
1606133979326,139,HTTP Request A4,200,OK,Thread Group  1-2,,true,,257,1,1,139,0
1606133979472,192,HTTP Request B2,200,OK,Thread Group  1-2,,true,,257,1,1,192,0
1606133979670,140,HTTP Request B5,200,OK,Thread Group  1-2,,true,,257,1,1,140,0
1606133979817,177,HTTP Request B1,200,OK,Thread Group  1-2,,true,,257,1,1,177,0
1606133980001,139,HTTP Request B1,200,OK,Thread Group  1-2,,true,,257,1,1,139,0
1606133980146,146,HTTP Request A6,200,OK,Thread Group  1-2,,true,,257,1,1,146,0
1606133980299,139,HTTP Request A1 ,200,OK,Thread Group  1-2,,true,,257,1,1,139,0
1606133980444,165,HTTP Request A1 ,200,OK,Thread Group  1-2,,true,,257,1,1,165,0
1606133980615,198,HTTP Request B3,200,OK,Thread Group  1-2,,true,,257,1,1,198,0
1606133980820,198,HTTP Request A1 ,200,OK,Thread Group  1-2,,true,,257,1,1,198,0
1606134223963,1341,HTTP Request A1 ,200,OK,Thread Group  1-1,,true,,257,1,1,1341,0
1606134225315,254,HTTP Request B3,200,OK,Thread Group  1-1,,true,,257,1,1,254,0
1606134225576,1172,HTTP Request A1 ,200,OK,Thread Group  1-1,,true,,257,1,1,1172,0
1606134226752,254,HTTP Request A2,200,OK,Thread Group  1-1,,true,,257,1,1,254,0
1606134227013,254,HTTP Request A3,200,OK,Thread Group  1-1,,true,,257,1,1,254,0
1606134227274,255,HTTP Request A6,200,OK,Thread Group  1-1,,true,,257,1,1,255,0
1606134227536,780,HTTP Request A2,200,OK,Thread Group  1-1,,true,,257,1,1,780,0
1606134228325,1205,HTTP Request B1,200,OK,Thread Group  1-1,,true,,257,1,1,1205,0
1606134229539,254,HTTP Request A3,200,OK,Thread Group  1-1,,true,,257,1,1,254,0
1606134229802,256,HTTP Request A6,200,OK,Thread Group  1-1,,true,,257,1,1,256,0
1606134230064,1354,HTTP Request B6,200,OK,Thread Group  1-1,,true,,257,1,1,1354,0
1606134231426,729,HTTP Request A5,200,OK,Thread Group  1-1,,true,,257,1,1,729,0
1606134232158,253,HTTP Request A5,200,OK,Thread Group  1-1,,true,,257,1,1,253,0
1606134232414,254,HTTP Request A6,200,OK,Thread Group  1-1,,true,,257,1,1,254,0
1606134232675,659,HTTP Request A3,200,OK,Thread Group  1-1,,true,,257,1,1,659,0
1606134233340,256,HTTP Request B6,200,OK,Thread Group  1-1,,true,,257,1,1,256,0
1606134233598,1274,HTTP Request B2,200,OK,Thread Group  1-1,,true,,257,1,1,1274,0
1606134234879,348,HTTP Request A2,200,OK,Thread Group  1-1,,true,,257,1,1,348,0
1606134235235,254,HTTP Request B5,200,OK,Thread Group  1-1,,true,,257,1,1,254,0
1606134235493,253,HTTP Request B1,200,OK,Thread Group  1-1,,true,,257,1,1,253,0
1606134235755,255,HTTP Request D1,200,OK,Thread Group  1-1,,true,,257,1,1,255,0
1606134236019,284,HTTP Request D6,200,OK,Thread Group  1-1,,true,,257,1,1,284,0
1606134236311,437,HTTP Request A4,200,OK,Thread Group  1-1,,true,,257,1,1,437,0
1606134236754,359,HTTP Request A6,200,OK,Thread Group  1-1,,true,,257,1,1,359,0
1606134237122,254,HTTP Request A4,200,OK,Thread Group  1-1,,true,,257,1,1,254,0
1606134237379,253,HTTP Request B6,200,OK,Thread Group  1-1,,true,,257,1,1,253,0
1606134237640,254,HTTP Request B2,200,OK,Thread Group  1-1,,true,,257,1,1,254,0
1606134237902,908,HTTP Request A1 ,200,OK,Thread Group  1-1,,true,,257,1,1,908,0
1606134238821,256,HTTP Request B4,200,OK,Thread Group  1-1,,true,,257,2,2,256,0
1606134239080,584,HTTP Request A6,200,OK,Thread Group  1-1,,true,,257,2,2,584,0
1606134238963,701,HTTP Request A1 ,200,OK,Thread Group  1-2,,true,,257,2,2,701,0
1606134239674,371,HTTP Request A2,200,OK,Thread Group  1-1,,true,,257,2,2,371,0
1606134239678,367,HTTP Request B6,200,OK,Thread Group  1-2,,true,,257,2,2,367,0
1606134240056,706,HTTP Request A6,200,OK,Thread Group  1-1,,true,,257,2,2,706,0
1606134240056,706,HTTP Request A1 ,200,OK,Thread Group  1-2,,true,,257,2,2,706,0
1606134240770,552,HTTP Request A5,200,OK,Thread Group  1-2,,true,,257,2,2,551,0
1606134240771,550,HTTP Request A4,200,OK,Thread Group  1-1,,true,,257,2,2,550,0
1606134241330,844,HTTP Request B6,200,OK,Thread Group  1-1,,true,,257,2,2,844,0
1606134241329,845,HTTP Request A5,200,OK,Thread Group  1-2,,true,,257,2,2,845,0
1606134242178,207,HTTP Request A3,200,OK,Thread Group  1-2,,true,,257,2,2,207,0
1606134242178,254,HTTP Request B2,200,OK,Thread Group  1-1,,true,,257,2,2,254,0
1606134242439,389,HTTP Request A4,200,OK,Thread Group  1-1,,true,,257,2,2,389,0
1606134242388,440,HTTP Request B2,200,OK,Thread Group  1-2,,true,,257,2,2,440,0
1606134242836,207,HTTP Request A6,200,OK,Thread Group  1-2,,true,,257,2,2,207,0
1606134242836,255,HTTP Request B1,200,OK,Thread Group  1-1,,true,,257,2,2,255,0
1606134243050,218,HTTP Request B5,200,OK,Thread Group  1-2,,true,,257,2,2,218,0
1606134243098,255,HTTP Request A6,200,OK,Thread Group  1-1,,true,,257,2,2,255,0
1606134243274,208,HTTP Request B2,200,OK,Thread Group  1-2,,true,,257,2,2,208,0
1606134243361,254,HTTP Request B4,200,OK,Thread Group  1-1,,true,,257,2,2,254,0
1606134243490,208,HTTP Request B5,200,OK,Thread Group  1-2,,true,,257,2,2,208,0
1606134243622,254,HTTP Request A1 ,200,OK,Thread Group  1-1,,true,,257,2,2,254,0
1606134243705,208,HTTP Request A2,200,OK,Thread Group  1-2,,true,,257,2,2,208,0
1606134243920,207,HTTP Request B2,200,OK,Thread Group  1-2,,true,,257,2,2,207,0
1606134243884,274,HTTP Request A6,200,OK,Thread Group  1-1,,true,,257,2,2,274,0
1606134244134,260,HTTP Request A2,200,OK,Thread Group  1-2,,true,,257,2,2,260,0
1606134244163,254,HTTP Request B1,200,OK,Thread Group  1-1,,true,,257,2,2,254,0
1606134244401,208,HTTP Request A4,200,OK,Thread Group  1-2,,true,,257,2,2,208,0
1606134244424,254,HTTP Request B5,200,OK,Thread Group  1-1,,true,,257,2,2,254,0
1606134244615,207,HTTP Request A3,200,OK,Thread Group  1-2,,true,,257,2,2,207,0
1606134244686,256,HTTP Request A3,200,OK,Thread Group  1-1,,true,,257,2,2,256,0
1606134244829,208,HTTP Request B3,200,OK,Thread Group  1-2,,true,,257,2,2,208,0
1606134244949,254,HTTP Request B2,200,OK,Thread Group  1-1,,true,,257,2,2,254,0
1606134245042,209,HTTP Request A5,200,OK,Thread Group  1-2,,true,,257,2,2,209,0
1606134245256,207,HTTP Request A1 ,200,OK,Thread Group  1-2,,true,,257,2,2,207,0
1606134245213,254,HTTP Request A2,200,OK,Thread Group  1-1,,true,,257,2,2,254,0
1606134245466,207,HTTP Request B6,200,OK,Thread Group  1-2,,true,,257,2,2,207,0
1606134245469,255,HTTP Request A2,200,OK,Thread Group  1-1,,true,,257,2,2,255,0
1606134245680,236,HTTP Request A4,200,OK,Thread Group  1-2,,true,,257,2,2,236,0
1606134245731,256,HTTP Request B2,200,OK,Thread Group  1-1,,true,,257,2,2,256,0
1606134245922,214,HTTP Request A2,200,OK,Thread Group  1-2,,true,,257,2,2,214,0
1606134245993,254,HTTP Request B4,200,OK,Thread Group  1-1,,true,,257,2,2,254,0
1606134246143,208,HTTP Request B4,200,OK,Thread Group  1-2,,true,,257,2,2,208,0
1606134246250,254,HTTP Request B2,200,OK,Thread Group  1-1,,true,,257,2,2,254,0
1606134246357,208,HTTP Request B6,200,OK,Thread Group  1-2,,true,,257,2,2,208,0
1606134246511,254,HTTP Request B5,200,OK,Thread Group  1-1,,true,,257,2,2,254,0
1606134246572,208,HTTP Request A1 ,200,OK,Thread Group  1-2,,true,,257,2,2,208,0
1606134246788,207,HTTP Request A1 ,200,OK,Thread Group  1-2,,true,,257,2,2,207,0
1606134246773,254,HTTP Request A5,200,OK,Thread Group  1-1,,true,,257,2,2,254,0
1606134246998,207,HTTP Request D1,200,OK,Thread Group  1-2,,true,,257,2,2,207,0
1606134247031,255,HTTP Request A3,200,OK,Thread Group  1-1,,true,,257,2,2,255,0
1606134247213,211,HTTP Request A6,200,OK,Thread Group  1-2,,true,,257,2,2,211,0
1606134247290,257,HTTP Request B5,200,OK,Thread Group  1-1,,true,,257,2,2,256,0
1606134247432,208,HTTP Request A2,200,OK,Thread Group  1-2,,true,,257,2,2,208,0
1606134247554,255,HTTP Request D5,200,OK,Thread Group  1-1,,true,,257,2,2,255,0
1606134247647,257,HTTP Request A1 ,200,OK,Thread Group  1-2,,true,,257,2,2,257,0
1606134247815,281,HTTP Request A6,200,OK,Thread Group  1-1,,true,,257,2,2,281,0
1606134247911,208,HTTP Request A4,200,OK,Thread Group  1-2,,true,,257,2,2,208,0
1606134248126,262,HTTP Request A2,200,OK,Thread Group  1-2,,true,,257,2,2,262,0
1606134248103,285,HTTP Request A6,200,OK,Thread Group  1-1,,true,,257,2,2,285,0
1606134248396,206,HTTP Request A1 ,200,OK,Thread Group  1-2,,true,,257,2,2,206,0
1606134248395,255,HTTP Request B2,200,OK,Thread Group  1-1,,true,,257,2,2,255,0
1606134248606,294,HTTP Request A1 ,200,OK,Thread Group  1-2,,true,,257,2,2,294,0
1606134248654,256,HTTP Request D4,200,OK,Thread Group  1-1,,true,,257,2,2,256,0
1606134248919,288,HTTP Request A4,200,OK,Thread Group  1-1,,true,,257,2,2,288,0
1606134248908,299,HTTP Request B5,200,OK,Thread Group  1-2,,true,,257,2,2,299,0
1606134249215,299,HTTP Request A2,200,OK,Thread Group  1-2,,true,,257,2,2,299,0
1606134249214,300,HTTP Request B5,200,OK,Thread Group  1-1,,true,,257,2,2,300,0
1606134249518,207,HTTP Request B2,200,OK,Thread Group  1-2,,true,,257,2,2,207,0
1606134249518,254,HTTP Request B4,200,OK,Thread Group  1-1,,true,,257,2,2,254,0
1606134249731,280,HTTP Request B2,200,OK,Thread Group  1-2,,true,,257,2,2,280,0
1606134249779,256,HTTP Request B1,200,OK,Thread Group  1-1,,true,,257,2,2,256,0
1606134250018,210,HTTP Request A2,200,OK,Thread Group  1-2,,true,,257,2,2,210,0
1606134250041,255,HTTP Request B1,200,OK,Thread Group  1-1,,true,,257,2,2,255,0
1606134250235,303,HTTP Request A4,200,OK,Thread Group  1-2,,true,,257,2,2,303,0
1606134250302,340,HTTP Request B6,200,OK,Thread Group  1-1,,true,,257,2,2,340,0
1606134250544,210,HTTP Request B5,200,OK,Thread Group  1-2,,true,,257,2,2,210,0
1606134250647,256,HTTP Request B1,200,OK,Thread Group  1-1,,true,,257,2,2,256,0
1606134250761,207,HTTP Request D6,200,OK,Thread Group  1-2,,true,,257,2,2,207,0
1606134250908,255,HTTP Request B4,200,OK,Thread Group  1-1,,true,,257,2,2,255,0
1606134250975,207,HTTP Request A6,200,OK,Thread Group  1-2,,true,,257,2,2,207,0
1606134251169,291,HTTP Request B1,200,OK,Thread Group  1-1,,true,,257,2,2,291,0
1606134251188,272,HTTP Request B5,200,OK,Thread Group  1-2,,true,,257,2,2,272,0
1606134251467,208,HTTP Request A1 ,200,OK,Thread Group  1-2,,true,,257,2,2,208,0
1606134251468,254,HTTP Request A5,200,OK,Thread Group  1-1,,true,,257,2,2,254,0
1606134251681,289,HTTP Request B2,200,OK,Thread Group  1-2,,true,,257,2,2,289,0
1606134251728,255,HTTP Request B4,200,OK,Thread Group  1-1,,true,,257,2,2,255,0
1606134251977,229,HTTP Request A5,200,OK,Thread Group  1-2,,true,,257,2,2,229,0
1606134251990,264,HTTP Request A2,200,OK,Thread Group  1-1,,true,,257,2,2,264,0
1606134252212,207,HTTP Request D6,200,OK,Thread Group  1-2,,true,,257,2,2,207,0
1606134252260,255,HTTP Request A5,200,OK,Thread Group  1-1,,true,,257,2,2,255,0
1606134252427,207,HTTP Request B1,200,OK,Thread Group  1-2,,true,,257,2,2,207,0
1606134252523,254,HTTP Request B4,200,OK,Thread Group  1-1,,true,,257,2,2,254,0
1606134252640,208,HTTP Request B1,200,OK,Thread Group  1-2,,true,,257,2,2,208,0
1606134252784,254,HTTP Request A1 ,200,OK,Thread Group  1-1,,true,,257,2,2,254,0
1606134252856,212,HTTP Request A2,200,OK,Thread Group  1-2,,true,,257,2,2,212,0
1606134253043,259,HTTP Request A3,200,OK,Thread Group  1-1,,true,,257,2,2,259,0
1606134253075,227,HTTP Request B2,200,OK,Thread Group  1-2,,true,,257,2,2,227,0
1606134253309,300,HTTP Request A4,200,OK,Thread Group  1-1,,true,,257,2,2,300,0
1606134253309,300,HTTP Request A2,200,OK,Thread Group  1-2,,true,,257,2,2,300,0
1606134253624,224,HTTP Request B3,200,OK,Thread Group  1-2,,true,,257,2,2,224,0
1606134253623,255,HTTP Request A5,200,OK,Thread Group  1-1,,true,,257,2,2,255,0
1606134253854,208,HTTP Request A5,200,OK,Thread Group  1-2,,true,,257,2,2,208,0
1606134253884,254,HTTP Request B2,200,OK,Thread Group  1-1,,true,,257,2,2,254,0
1606134254070,208,HTTP Request A6,200,OK,Thread Group  1-2,,true,,257,2,2,208,0
1606134254146,254,HTTP Request A5,200,OK,Thread Group  1-1,,true,,257,2,2,254,0
1606134254285,208,HTTP Request A4,200,OK,Thread Group  1-2,,true,,257,2,2,208,0
1606134254406,254,HTTP Request A2,200,OK,Thread Group  1-1,,true,,257,2,2,254,0
1606134254500,208,HTTP Request A2,200,OK,Thread Group  1-2,,true,,257,2,2,208,0
1606134254667,254,HTTP Request B2,200,OK,Thread Group  1-1,,true,,257,2,2,254,0
1606134254715,208,HTTP Request A3,200,OK,Thread Group  1-2,,true,,257,2,2,208,0
1606134254933,208,HTTP Request A6,200,OK,Thread Group  1-2,,true,,257,2,2,208,0
1606134254933,254,HTTP Request A1 ,200,OK,Thread Group  1-1,,true,,257,2,2,254,0
1606134255147,207,HTTP Request A3,200,OK,Thread Group  1-2,,true,,257,2,2,207,0
1606134255194,256,HTTP Request A4,200,OK,Thread Group  1-1,,true,,257,2,2,256,0
1606134255361,208,HTTP Request B2,200,OK,Thread Group  1-2,,true,,257,2,2,208,0
1606134255453,254,HTTP Request B6,200,OK,Thread Group  1-1,,true,,257,2,2,254,0
1606134255573,215,HTTP Request B3,200,OK,Thread Group  1-2,,true,,257,2,2,215,0
1606134255711,257,HTTP Request A2,200,OK,Thread Group  1-1,,true,,257,2,2,257,0
1606134255795,207,HTTP Request B2,200,OK,Thread Group  1-2,,true,,257,2,2,207,0
1606134256008,207,HTTP Request D1,200,OK,Thread Group  1-2,,true,,257,2,2,207,0
1606134255975,266,HTTP Request B2,200,OK,Thread Group  1-1,,true,,257,2,2,266,0
1606134256222,209,HTTP Request A3,200,OK,Thread Group  1-2,,true,,257,2,2,209,0
1606134256246,255,HTTP Request D1,200,OK,Thread Group  1-1,,true,,257,2,2,255,0
1606134256438,244,HTTP Request A4,200,OK,Thread Group  1-2,,true,,257,2,2,244,0
1606134256506,254,HTTP Request A4,200,OK,Thread Group  1-1,,true,,257,2,2,254,0
1606134256688,207,HTTP Request D4,200,OK,Thread Group  1-2,,true,,257,2,2,207,0
1606134256767,256,HTTP Request A1 ,200,OK,Thread Group  1-1,,true,,257,2,2,256,0
1606134256901,207,HTTP Request B2,200,OK,Thread Group  1-2,,true,,257,2,2,207,0
1606134257029,254,HTTP Request D6,200,OK,Thread Group  1-1,,true,,257,2,2,254,0
1606134257113,207,HTTP Request B1,200,OK,Thread Group  1-2,,true,,257,2,2,207,0
1606134257329,207,HTTP Request B2,200,OK,Thread Group  1-2,,true,,257,2,2,207,0
1606134257289,253,HTTP Request B3,200,OK,Thread Group  1-1,,true,,257,2,2,253,0
1606134257543,265,HTTP Request D5,200,OK,Thread Group  1-2,,true,,257,2,2,265,0
1606134257549,262,HTTP Request A2,200,OK,Thread Group  1-1,,true,,257,2,2,262,0
1606134257818,297,HTTP Request A3,200,OK,Thread Group  1-1,,true,,257,2,2,297,0
1606134257817,298,HTTP Request A1 ,200,OK,Thread Group  1-2,,true,,257,2,2,298,0
1606134258125,226,HTTP Request A3,200,OK,Thread Group  1-2,,true,,257,2,2,226,0
1606134258124,254,HTTP Request A2,200,OK,Thread Group  1-1,,true,,257,2,2,254,0
1606134258358,207,HTTP Request A5,200,OK,Thread Group  1-2,,true,,257,2,2,207,0
1606134258382,254,HTTP Request A2,200,OK,Thread Group  1-1,,true,,257,2,2,254,0
1606134258569,263,HTTP Request B5,200,OK,Thread Group  1-2,,true,,257,2,2,263,0
1606134258639,254,HTTP Request B2,200,OK,Thread Group  1-1,,true,,257,2,2,254,0
1606134258840,209,HTTP Request A2,200,OK,Thread Group  1-2,,true,,257,2,2,209,0
1606134258895,255,HTTP Request A4,200,OK,Thread Group  1-1,,true,,257,2,2,255,0
1606134259056,207,HTTP Request B1,200,OK,Thread Group  1-2,,true,,257,2,2,207,0
1606134259155,255,HTTP Request B2,200,OK,Thread Group  1-1,,true,,257,2,2,255,0
1606134259271,207,HTTP Request B2,200,OK,Thread Group  1-2,,true,,257,2,2,207,0
1606134259417,254,HTTP Request B1,200,OK,Thread Group  1-1,,true,,257,2,2,254,0
1606134259483,207,HTTP Request B2,200,OK,Thread Group  1-2,,true,,257,2,2,207,0
1606134259696,208,HTTP Request D3,200,OK,Thread Group  1-2,,true,,257,2,2,208,0
1606134259678,254,HTTP Request A3,200,OK,Thread Group  1-1,,true,,257,2,2,254,0
1606134259911,225,HTTP Request B4,200,OK,Thread Group  1-2,,true,,257,1,1,225,0
1606134260143,224,HTTP Request B2,200,OK,Thread Group  1-2,,true,,257,1,1,224,0
1606134260374,301,HTTP Request A5,200,OK,Thread Group  1-2,,true,,257,1,1,301,0
1606134260682,300,HTTP Request A4,200,OK,Thread Group  1-2,,true,,257,1,1,300,0
1606134260988,211,HTTP Request A2,200,OK,Thread Group  1-2,,true,,257,1,1,211,0
1606134261204,265,HTTP Request B1,200,OK,Thread Group  1-2,,true,,257,1,1,265,0
1606134261476,223,HTTP Request A5,200,OK,Thread Group  1-2,,true,,257,1,1,223,0
1606134261705,301,HTTP Request B5,200,OK,Thread Group  1-2,,true,,257,1,1,301,0
1606134262012,208,HTTP Request B4,200,OK,Thread Group  1-2,,true,,257,1,1,208,0
1606134262227,207,HTTP Request B3,200,OK,Thread Group  1-2,,true,,257,1,1,207,0
1606134262436,209,HTTP Request D5,200,OK,Thread Group  1-2,,true,,257,1,1,209,0
1606134262653,207,HTTP Request A2,200,OK,Thread Group  1-2,,true,,257,1,1,207,0
1606134262868,208,HTTP Request A4,200,OK,Thread Group  1-2,,true,,257,1,1,208,0
1606134263082,255,HTTP Request A1 ,200,OK,Thread Group  1-2,,true,,257,1,1,255,0
1606134263344,300,HTTP Request B1,200,OK,Thread Group  1-2,,true,,257,1,1,300,0
1606134263652,207,HTTP Request A5,200,OK,Thread Group  1-2,,true,,257,1,1,207,0
1606134263864,292,HTTP Request B6,200,OK,Thread Group  1-2,,true,,257,1,1,292,0
1606134264163,207,HTTP Request B2,200,OK,Thread Group  1-2,,true,,257,1,1,207,0
1606134264375,293,HTTP Request A4,200,OK,Thread Group  1-2,,true,,257,1,1,293,0
1606134371481,643,HTTP Request B3,200,OK,Thread Group  1-1,,true,,257,1,1,643,0
1606134372132,142,HTTP Request B5,200,OK,Thread Group  1-1,,true,,257,1,1,142,0
1606134372281,137,HTTP Request A1 ,200,OK,Thread Group  1-1,,true,,257,1,1,137,0
1606134372422,137,HTTP Request A4,200,OK,Thread Group  1-1,,true,,257,1,1,137,0
1606134372563,144,HTTP Request A6,200,OK,Thread Group  1-1,,true,,257,1,1,144,0
1606134372710,137,HTTP Request A4,200,OK,Thread Group  1-1,,true,,257,1,1,137,0
1606134372851,158,HTTP Request B1,200,OK,Thread Group  1-1,,true,,257,1,1,158,0
1606134373013,201,HTTP Request B4,200,OK,Thread Group  1-1,,true,,257,1,1,201,0
1606134373218,140,HTTP Request A2,200,OK,Thread Group  1-1,,true,,257,1,1,140,0
1606134373361,160,HTTP Request A5,200,OK,Thread Group  1-1,,true,,257,1,1,160,0
1606134373530,196,HTTP Request B6,200,OK,Thread Group  1-1,,true,,257,1,1,196,0
1606134373733,198,HTTP Request B5,200,OK,Thread Group  1-1,,true,,257,1,1,198,0
1606134373939,141,HTTP Request D5,200,OK,Thread Group  1-1,,true,,257,1,1,141,0
1606134374088,168,HTTP Request A2,200,OK,Thread Group  1-1,,true,,257,1,1,168,0
1606134374263,180,HTTP Request A6,200,OK,Thread Group  1-1,,true,,257,1,1,180,0
1606134374449,199,HTTP Request A5,200,OK,Thread Group  1-1,,true,,257,1,1,199,0
1606134374654,199,HTTP Request B3,200,OK,Thread Group  1-1,,true,,257,1,1,199,0
1606134374860,139,HTTP Request A3,200,OK,Thread Group  1-1,,true,,257,1,1,139,0
1606134375007,153,HTTP Request B4,200,OK,Thread Group  1-1,,true,,257,1,1,153,0
1606134375166,199,HTTP Request A6,200,OK,Thread Group  1-1,,true,,257,1,1,199,0
1606134375370,138,HTTP Request A5,200,OK,Thread Group  1-1,,true,,257,1,1,138,0
1606134375511,138,HTTP Request A2,200,OK,Thread Group  1-1,,true,,257,1,1,138,0
1606134375656,221,HTTP Request A1 ,200,OK,Thread Group  1-1,,true,,257,1,1,221,0
1606134375883,198,HTTP Request A2,200,OK,Thread Group  1-1,,true,,257,1,1,198,0
1606134376089,197,HTTP Request A5,200,OK,Thread Group  1-1,,true,,257,1,1,197,0
1606134376292,160,HTTP Request B6,200,OK,Thread Group  1-1,,true,,257,1,1,160,0
1606134376457,138,HTTP Request A1 ,200,OK,Thread Group  1-1,,true,,257,1,1,138,0
1606134376601,141,HTTP Request A3,200,OK,Thread Group  1-1,,true,,257,1,1,141,0
1606134376747,137,HTTP Request B6,200,OK,Thread Group  1-1,,true,,257,1,1,137,0
1606134376889,216,HTTP Request A1 ,200,OK,Thread Group  1-1,,true,,257,1,1,216,0
1606134377110,138,HTTP Request B3,200,OK,Thread Group  1-1,,true,,257,1,1,138,0
1606134377252,137,HTTP Request B1,200,OK,Thread Group  1-1,,true,,257,1,1,137,0
1606134377392,139,HTTP Request A2,200,OK,Thread Group  1-1,,true,,257,1,1,139,0
1606134377539,180,HTTP Request A4,200,OK,Thread Group  1-1,,true,,257,1,1,180,0
1606134377726,198,HTTP Request B2,200,OK,Thread Group  1-1,,true,,257,1,1,198,0
1606134377930,199,HTTP Request B1,200,OK,Thread Group  1-1,,true,,257,1,1,199,0
1606134378135,198,HTTP Request A1 ,200,OK,Thread Group  1-1,,true,,257,1,1,198,0
1606134378340,199,HTTP Request B1,200,OK,Thread Group  1-1,,true,,257,1,1,199,0
1606134378546,144,HTTP Request B4,200,OK,Thread Group  1-1,,true,,257,1,1,144,0
1606134378692,153,HTTP Request A2,200,OK,Thread Group  1-1,,true,,257,1,1,153,0
1606134378847,203,HTTP Request A2,200,OK,Thread Group  1-1,,true,,257,1,1,203,0
1606134379058,161,HTTP Request A6,200,OK,Thread Group  1-1,,true,,257,1,1,161,0
1606134379225,235,HTTP Request A2,200,OK,Thread Group  1-1,,true,,257,1,1,235,0
1606134379466,198,HTTP Request A3,200,OK,Thread Group  1-1,,true,,257,1,1,198,0
1606134379670,137,HTTP Request B5,200,OK,Thread Group  1-1,,true,,257,1,1,137,0
1606134379813,159,HTTP Request A2,200,OK,Thread Group  1-1,,true,,257,1,1,159,0
1606134379978,137,HTTP Request A5,200,OK,Thread Group  1-1,,true,,257,1,1,137,0
1606134380121,158,HTTP Request B4,200,OK,Thread Group  1-1,,true,,257,1,1,158,0
1606134380285,144,HTTP Request D6,200,OK,Thread Group  1-1,,true,,257,1,1,144,0
1606134380436,138,HTTP Request B5,200,OK,Thread Group  1-1,,true,,257,1,1,138,0
1606134380581,210,HTTP Request B2,200,OK,Thread Group  1-1,,true,,257,1,1,210,0
1606134380797,199,HTTP Request D3,200,OK,Thread Group  1-1,,true,,257,1,1,199,0
1606134381002,199,HTTP Request B2,200,OK,Thread Group  1-1,,true,,257,1,1,199,0
1606134381208,197,HTTP Request A4,200,OK,Thread Group  1-1,,true,,257,1,1,197,0
1606134381412,138,HTTP Request A1 ,200,OK,Thread Group  1-1,,true,,257,1,1,138,0
1606134381557,139,HTTP Request B6,200,OK,Thread Group  1-1,,true,,257,1,1,139,0
1606134381698,138,HTTP Request A1 ,200,OK,Thread Group  1-1,,true,,257,1,1,138,0
1606134381841,139,HTTP Request B6,200,OK,Thread Group  1-1,,true,,257,1,1,139,0
1606134381985,140,HTTP Request B2,200,OK,Thread Group  1-1,,true,,257,1,1,140,0
1606134382131,138,HTTP Request D5,200,OK,Thread Group  1-1,,true,,257,1,1,138,0
1606134382275,139,HTTP Request A5,200,OK,Thread Group  1-1,,true,,257,1,1,139,0
1606134382416,219,HTTP Request D3,200,OK,Thread Group  1-1,,true,,257,1,1,219,0
1606134382639,200,HTTP Request B1,200,OK,Thread Group  1-1,,true,,257,1,1,200,0
1606134382844,200,HTTP Request D2,200,OK,Thread Group  1-1,,true,,257,1,1,200,0
1606134383050,198,HTTP Request A3,200,OK,Thread Group  1-1,,true,,257,1,1,198,0
1606134383256,197,HTTP Request A1 ,200,OK,Thread Group  1-1,,true,,257,1,1,197,0
1606134383458,137,HTTP Request B1,200,OK,Thread Group  1-1,,true,,257,1,1,137,0
1606134383601,139,HTTP Request A6,200,OK,Thread Group  1-1,,true,,257,1,1,139,0
1606134383743,222,HTTP Request A4,200,OK,Thread Group  1-1,,true,,257,1,1,222,0
1606134383972,198,HTTP Request D5,200,OK,Thread Group  1-1,,true,,257,1,1,198,0
1606134384177,173,HTTP Request B2,200,OK,Thread Group  1-1,,true,,257,1,1,173,0
1606134384359,137,HTTP Request B6,200,OK,Thread Group  1-1,,true,,257,1,1,137,0
1606134384503,139,HTTP Request A6,200,OK,Thread Group  1-1,,true,,257,1,1,139,0
1606134384646,138,HTTP Request A2,200,OK,Thread Group  1-1,,true,,257,1,1,138,0
1606134384790,140,HTTP Request B5,200,OK,Thread Group  1-1,,true,,257,1,1,140,0
1606134384936,138,HTTP Request B2,200,OK,Thread Group  1-1,,true,,257,1,1,138,0
1606134385080,139,HTTP Request A2,200,OK,Thread Group  1-1,,true,,257,1,1,139,0
1606134385226,138,HTTP Request A5,200,OK,Thread Group  1-1,,true,,257,1,1,138,0
1606134385373,139,HTTP Request D2,200,OK,Thread Group  1-1,,true,,257,1,1,139,0
1606134385514,141,HTTP Request B3,200,OK,Thread Group  1-1,,true,,257,1,1,141,0
1606134385659,150,HTTP Request D4,200,OK,Thread Group  1-1,,true,,257,1,1,150,0
1606134385815,198,HTTP Request B2,200,OK,Thread Group  1-1,,true,,257,1,1,198,0
1606134386020,198,HTTP Request A2,200,OK,Thread Group  1-1,,true,,257,1,1,198,0
1606134386224,199,HTTP Request B2,200,OK,Thread Group  1-1,,true,,257,1,1,199,0
1606134386430,138,HTTP Request A4,200,OK,Thread Group  1-1,,true,,257,2,2,138,0
1606134386576,140,HTTP Request A4,200,OK,Thread Group  1-1,,true,,257,2,2,140,0
1606134386724,138,HTTP Request B1,200,OK,Thread Group  1-1,,true,,257,2,2,138,0
1606134386869,169,HTTP Request B3,200,OK,Thread Group  1-1,,true,,257,2,2,168,0
1606134386488,550,HTTP Request B5,200,OK,Thread Group  1-2,,true,,257,2,2,550,0
1606134387050,138,HTTP Request A3,200,OK,Thread Group  1-1,,true,,257,2,2,138,0
1606134387049,201,HTTP Request A2,200,OK,Thread Group  1-2,,true,,257,2,2,201,0
1606134387190,137,HTTP Request D2,200,OK,Thread Group  1-1,,true,,257,2,2,137,0
1606134387256,200,HTTP Request A5,200,OK,Thread Group  1-2,,true,,257,2,2,200,0
1606134387334,138,HTTP Request A3,200,OK,Thread Group  1-1,,true,,257,2,2,138,0
1606134387475,138,HTTP Request A3,200,OK,Thread Group  1-1,,true,,257,2,2,138,0
1606134387458,200,HTTP Request B6,200,OK,Thread Group  1-2,,true,,257,2,2,200,0
1606134387620,138,HTTP Request A4,200,OK,Thread Group  1-1,,true,,257,2,2,138,0
1606134387661,200,HTTP Request D2,200,OK,Thread Group  1-2,,true,,257,2,2,200,0
1606134387764,139,HTTP Request B4,200,OK,Thread Group  1-1,,true,,257,2,2,139,0
1606134387909,142,HTTP Request A5,200,OK,Thread Group  1-1,,true,,257,2,2,142,0
1606134387864,201,HTTP Request B5,200,OK,Thread Group  1-2,,true,,257,2,2,201,0
1606134388058,141,HTTP Request A5,200,OK,Thread Group  1-1,,true,,257,2,2,141,0
1606134388072,201,HTTP Request A5,200,OK,Thread Group  1-2,,true,,257,2,2,201,0
1606134388206,146,HTTP Request A2,200,OK,Thread Group  1-1,,true,,257,2,2,146,0
1606134388283,201,HTTP Request B5,200,OK,Thread Group  1-2,,true,,257,2,2,201,0
1606134388358,137,HTTP Request A3,200,OK,Thread Group  1-1,,true,,257,2,2,137,0
1606134388501,175,HTTP Request B2,200,OK,Thread Group  1-1,,true,,257,2,2,175,0
1606134388491,200,HTTP Request D4,200,OK,Thread Group  1-2,,true,,257,2,2,200,0
1606134388685,195,HTTP Request A6,200,OK,Thread Group  1-1,,true,,257,2,2,195,0
1606134388696,201,HTTP Request A4,200,OK,Thread Group  1-2,,true,,257,1,1,201,0
1606134388900,199,HTTP Request A6,200,OK,Thread Group  1-2,,true,,257,1,1,199,0
1606134389102,204,HTTP Request B1,200,OK,Thread Group  1-2,,true,,257,1,1,204,0
1606134389308,200,HTTP Request B4,200,OK,Thread Group  1-2,,true,,257,1,1,200,0
1606134389514,202,HTTP Request A4,200,OK,Thread Group  1-2,,true,,257,1,1,202,0
1606134389718,200,HTTP Request B3,200,OK,Thread Group  1-2,,true,,257,1,1,200,0
1606134389920,200,HTTP Request A3,200,OK,Thread Group  1-2,,true,,257,1,1,200,0
1606134390122,204,HTTP Request A4,200,OK,Thread Group  1-2,,true,,257,1,1,204,0
1606134390328,201,HTTP Request B5,200,OK,Thread Group  1-2,,true,,257,1,1,201,0
1606134390531,203,HTTP Request A3,200,OK,Thread Group  1-2,,true,,257,1,1,203,0
1606134390740,200,HTTP Request A1 ,200,OK,Thread Group  1-2,,true,,257,1,1,200,0
1606134390946,199,HTTP Request B2,200,OK,Thread Group  1-2,,true,,257,1,1,199,0
1606134391148,200,HTTP Request A5,200,OK,Thread Group  1-2,,true,,257,1,1,200,0
1606134391354,202,HTTP Request D6,200,OK,Thread Group  1-2,,true,,257,1,1,202,0
1606134391564,491,HTTP Request A1 ,200,OK,Thread Group  1-2,,true,,257,1,1,491,0
1606134392062,202,HTTP Request A3,200,OK,Thread Group  1-2,,true,,257,1,1,202,0
1606134392268,200,HTTP Request A2,200,OK,Thread Group  1-2,,true,,257,1,1,200,0
1606134392470,223,HTTP Request D6,200,OK,Thread Group  1-2,,true,,257,1,1,223,0
1606134392695,200,HTTP Request A3,200,OK,Thread Group  1-2,,true,,257,1,1,200,0
1606134392902,200,HTTP Request A2,200,OK,Thread Group  1-2,,true,,257,1,1,200,0
1606134393109,201,HTTP Request A6,200,OK,Thread Group  1-2,,true,,257,1,1,201,0
1606134393317,201,HTTP Request A3,200,OK,Thread Group  1-2,,true,,257,1,1,201,0
1606134393526,200,HTTP Request B6,200,OK,Thread Group  1-2,,true,,257,1,1,200,0
1606134393733,201,HTTP Request A2,200,OK,Thread Group  1-2,,true,,257,1,1,201,0
1606134393952,201,HTTP Request B1,200,OK,Thread Group  1-2,,true,,257,1,1,201,0
1606134394159,200,HTTP Request A3,200,OK,Thread Group  1-2,,true,,257,1,1,200,0
1606134394365,252,HTTP Request A5,200,OK,Thread Group  1-2,,true,,257,1,1,252,0
1606134394625,202,HTTP Request A3,200,OK,Thread Group  1-2,,true,,257,1,1,202,0
1606134394834,200,HTTP Request D6,200,OK,Thread Group  1-2,,true,,257,1,1,200,0
1606134395038,201,HTTP Request A2,200,OK,Thread Group  1-2,,true,,257,1,1,201,0
1606134395246,200,HTTP Request B3,200,OK,Thread Group  1-2,,true,,257,1,1,200,0
1606134395453,202,HTTP Request D2,200,OK,Thread Group  1-2,,true,,257,1,1,202,0
1606134395663,200,HTTP Request B6,200,OK,Thread Group  1-2,,true,,257,1,1,200,0
1606134395871,201,HTTP Request A4,200,OK,Thread Group  1-2,,true,,257,1,1,201,0
1606134396077,202,HTTP Request A6,200,OK,Thread Group  1-2,,true,,257,1,1,202,0
1606134396284,200,HTTP Request A1 ,200,OK,Thread Group  1-2,,true,,257,1,1,200,0
1606134396490,201,HTTP Request A2,200,OK,Thread Group  1-2,,true,,257,1,1,201,0
1606134396696,202,HTTP Request A4,200,OK,Thread Group  1-2,,true,,257,1,1,202,0
1606134396904,201,HTTP Request B1,200,OK,Thread Group  1-2,,true,,257,1,1,201,0
1606134397107,200,HTTP Request B5,200,OK,Thread Group  1-2,,true,,257,1,1,200,0
1606134397313,201,HTTP Request A4,200,OK,Thread Group  1-2,,true,,257,1,1,201,0
1606134397516,200,HTTP Request A1 ,200,OK,Thread Group  1-2,,true,,257,1,1,200,0
1606134397719,200,HTTP Request D6,200,OK,Thread Group  1-2,,true,,257,1,1,200,0
1606134397925,201,HTTP Request A2,200,OK,Thread Group  1-2,,true,,257,1,1,201,0
1606134398132,200,HTTP Request B6,200,OK,Thread Group  1-2,,true,,257,1,1,200,0
1606134398338,200,HTTP Request A5,200,OK,Thread Group  1-2,,true,,257,1,1,200,0
1606134398541,200,HTTP Request A2,200,OK,Thread Group  1-2,,true,,257,1,1,200,0
1606134398747,200,HTTP Request A4,200,OK,Thread Group  1-2,,true,,257,1,1,200,0
1606134398949,204,HTTP Request A2,200,OK,Thread Group  1-2,,true,,257,1,1,204,0
1606134399160,268,HTTP Request B2,200,OK,Thread Group  1-2,,true,,257,1,1,268,0
1606134399433,200,HTTP Request A6,200,OK,Thread Group  1-2,,true,,257,1,1,200,0
1606134399639,200,HTTP Request B1,200,OK,Thread Group  1-2,,true,,257,1,1,200,0
1606134399846,200,HTTP Request B2,200,OK,Thread Group  1-2,,true,,257,1,1,200,0
1606134400053,200,HTTP Request D1,200,OK,Thread Group  1-2,,true,,257,1,1,199,0
1606134400259,274,HTTP Request D5,200,OK,Thread Group  1-2,,true,,257,1,1,274,0
1606134400539,200,HTTP Request A3,200,OK,Thread Group  1-2,,true,,257,1,1,200,0
1606134400746,199,HTTP Request A4,200,OK,Thread Group  1-2,,true,,257,1,1,199,0
1606134400951,219,HTTP Request A2,200,OK,Thread Group  1-2,,true,,257,1,1,219,0
1606134401176,201,HTTP Request B6,200,OK,Thread Group  1-2,,true,,257,1,1,201,0
1606134401383,200,HTTP Request B6,200,OK,Thread Group  1-2,,true,,257,1,1,200,0
1606134401589,200,HTTP Request A3,200,OK,Thread Group  1-2,,true,,257,1,1,200,0
1606134401795,205,HTTP Request A5,200,OK,Thread Group  1-2,,true,,257,1,1,205,0
1606134402006,200,HTTP Request A4,200,OK,Thread Group  1-2,,true,,257,1,1,200,0
1606134402209,199,HTTP Request B3,200,OK,Thread Group  1-2,,true,,257,1,1,199,0
1606134402411,201,HTTP Request B3,200,OK,Thread Group  1-2,,true,,257,1,1,201,0
1606134402620,200,HTTP Request B2,200,OK,Thread Group  1-2,,true,,257,1,1,200,0
1606134402827,201,HTTP Request A5,200,OK,Thread Group  1-2,,true,,257,1,1,201,0
1606134403034,200,HTTP Request A2,200,OK,Thread Group  1-2,,true,,257,1,1,200,0
1606134403240,201,HTTP Request A4,200,OK,Thread Group  1-2,,true,,257,1,1,201,0
1606134403448,200,HTTP Request A5,200,OK,Thread Group  1-2,,true,,257,1,1,200,0
1606134403656,201,HTTP Request A3,200,OK,Thread Group  1-2,,true,,257,1,1,201,0
1606134403865,200,HTTP Request D3,200,OK,Thread Group  1-2,,true,,257,1,1,200,0
1606134404072,272,HTTP Request B5,200,OK,Thread Group  1-2,,true,,257,1,1,272,0
1606134404351,200,HTTP Request A5,200,OK,Thread Group  1-2,,true,,257,1,1,200,0
1606134404557,400,HTTP Request A2,200,OK,Thread Group  1-2,,true,,257,1,1,400,0
1606134404966,402,HTTP Request A3,200,OK,Thread Group  1-2,,true,,257,1,1,402,0
1606134405376,200,HTTP Request A4,200,OK,Thread Group  1-2,,true,,257,1,1,200,0
1606134405582,200,HTTP Request B5,200,OK,Thread Group  1-2,,true,,257,1,1,200,0
1606134405788,201,HTTP Request A5,200,OK,Thread Group  1-2,,true,,257,1,1,201,0
1606134405995,200,HTTP Request B3,200,OK,Thread Group  1-2,,true,,257,1,1,200,0
1606134406201,201,HTTP Request B1,200,OK,Thread Group  1-2,,true,,257,1,1,201,0
1606134406407,201,HTTP Request A3,200,OK,Thread Group  1-2,,true,,257,1,1,201,0
1606134406614,200,HTTP Request A1 ,200,OK,Thread Group  1-2,,true,,257,1,1,200,0
1606134406822,200,HTTP Request A5,200,OK,Thread Group  1-2,,true,,257,1,1,200,0
1606134407028,202,HTTP Request B6,200,OK,Thread Group  1-2,,true,,257,1,1,202,0
1606134407232,200,HTTP Request B3,200,OK,Thread Group  1-2,,true,,257,1,1,200,0
1606134407434,200,HTTP Request A2,200,OK,Thread Group  1-2,,true,,257,1,1,200,0
1606134407640,201,HTTP Request B2,200,OK,Thread Group  1-2,,true,,257,1,1,201,0
1606134407848,263,HTTP Request A4,200,OK,Thread Group  1-2,,true,,257,1,1,263,0
1606134408120,362,HTTP Request B4,200,OK,Thread Group  1-2,,true,,257,1,1,362,0
1606134408485,199,HTTP Request B6,200,OK,Thread Group  1-2,,true,,257,1,1,199,0
